Fecha Local,Fecha UTC,Dirección del Viento (grados),Dirección de ráfaga (grados),Rapidez de viento (km/h),Rapidez de ráfaga (km/h),Temperatura del Aire (°C),Humedad relativa (%),Presión Atmosférica (hpa),Precipitación (mm),Radiación Solar (W/m²),
2021-05-24 15:50:00,2021-05-24 20:50:00,130.0,113.0,16.8,28.1,29.6,71,1014.9,0,402,
2021-05-24 15:40:00,2021-05-24 20:40:00,121.0,131.0,19.9,30.4,29.5,72,1014.9,0,503,
2021-05-24 15:30:00,2021-05-24 20:30:00,134.0,155.0,14.1,28.7,28.8,76,1015,0,447,
2021-05-24 15:20:00,2021-05-24 20:20:00,129.0,120.0,16.2,28.1,29.4,73,1015,0,208,
2021-05-24 15:10:00,2021-05-24 20:10:00,100.0,88.0,21.3,33.3,29.7,72,1015,0,424,
2021-05-24 15:00:00,2021-05-24 20:00:00,100.0,98.0,22.6,29.8,29.8,70,1015,0,369,
2021-05-24 14:50:00,2021-05-24 19:50:00,107.0,108.0,18.7,29.2,29.7,71,1015.1,0,569,
2021-05-24 14:40:00,2021-05-24 19:40:00,111.0,106.0,18.4,27.5,29.2,72,1015.2,0,387,
2021-05-24 14:30:00,2021-05-24 19:30:00,105.0,97.0,20,29.8,29.3,70,1015.4,0,347,
2021-05-24 14:20:00,2021-05-24 19:20:00,106.0,111.0,20.5,32.1,29.9,68,1015.5,0,447,
2021-05-24 14:10:00,2021-05-24 19:10:00,107.0,111.0,18.9,26.9,29.8,70,1015.6,0,592,
2021-05-24 14:00:00,2021-05-24 19:00:00,104.0,106.0,22,31,29.5,71,1015.6,0,478,
2021-05-24 13:50:00,2021-05-24 18:50:00,109.0,112.0,17.7,31,29.5,71,1015.7,0,390,
2021-05-24 13:40:00,2021-05-24 18:40:00,110.0,105.0,19.2,29.8,30,69,1015.9,0,380,
2021-05-24 13:30:00,2021-05-24 18:30:00,110.0,129.0,15.5,27.5,29.7,72,1016,0,605,
2021-05-24 13:20:00,2021-05-24 18:20:00,99.0,105.0,19.1,25.2,29.7,71,1016.2,0,722,
2021-05-24 13:10:00,2021-05-24 18:10:00,96.0,104.0,20.9,28.7,30.1,70,1016.3,0,710,
2021-05-24 13:00:00,2021-05-24 18:00:00,107.0,98.0,18.5,25.2,29.8,71,1016.4,0,821,
2021-05-24 12:50:00,2021-05-24 17:50:00,95.0,102.0,22.5,31,29.8,72,1016.4,0,927,
2021-05-24 12:40:00,2021-05-24 17:40:00,104.0,105.0,20.9,30.4,30,71,1016.5,0,967,
2021-05-24 12:30:00,2021-05-24 17:30:00,113.0,105.0,17.1,28.7,29.4,72,1016.6,0,886,
2021-05-24 12:20:00,2021-05-24 17:20:00,108.0,97.0,20.9,31,29.3,70,1016.6,0,506,
2021-05-24 12:10:00,2021-05-24 17:10:00,117.0,103.0,19.3,29.2,30,69,1016.7,0,499,
2021-05-24 12:00:00,2021-05-24 17:00:00,117.0,114.0,19.8,32.1,30.3,70,1016.8,0,828,
2021-05-24 11:50:00,2021-05-24 16:50:00,112.0,106.0,20.8,31,30.1,70,1016.8,0,930,
2021-05-24 11:40:00,2021-05-24 16:40:00,117.0,99.0,19,32.1,30.2,69,1016.9,0,713,
2021-05-24 11:30:00,2021-05-24 16:30:00,116.0,116.0,21.4,33.3,29.8,71,1016.9,0,959,
2021-05-24 11:20:00,2021-05-24 16:20:00,118.0,124.0,18.3,28.1,29.5,70,1016.9,0,507,
2021-05-24 11:10:00,2021-05-24 16:10:00,105.0,105.0,20.8,29.2,29.9,68,1016.9,0,535,
2021-05-24 11:00:00,2021-05-24 16:00:00,105.0,97.0,19.4,28.7,30.1,68,1017,0,807,
2021-05-24 10:50:00,2021-05-24 15:50:00,114.0,112.0,17.8,26.9,29.2,69,1017,0,663,
2021-05-24 10:40:00,2021-05-24 15:40:00,102.0,104.0,23.6,32.7,29.5,67,1017,0,428,
2021-05-24 10:30:00,2021-05-24 15:30:00,108.0,117.0,18.8,29.2,30.7,64,1016.9,0,684,
2021-05-24 10:20:00,2021-05-24 15:20:00,114.0,108.0,19,29.8,30.6,65,1016.9,0,881,
2021-05-24 10:10:00,2021-05-24 15:10:00,119.0,108.0,18.8,31.6,30.6,65,1016.9,0,835,
2021-05-24 10:00:00,2021-05-24 15:00:00,117.0,125.0,18.2,26.9,30.4,65,1016.8,0,760,
2021-05-24 09:50:00,2021-05-24 14:50:00,118.0,116.0,18.2,29.8,30.2,65,1016.7,0,695,
2021-05-24 09:40:00,2021-05-24 14:40:00,121.0,95.0,17.6,25.8,30,67,1016.5,0,755,
2021-05-24 09:30:00,2021-05-24 14:30:00,110.0,104.0,18.6,31,29.7,68,1016.4,0,589,
2021-05-24 09:20:00,2021-05-24 14:20:00,104.0,107.0,19.3,35,29.4,68,1016.4,0,561,
2021-05-24 09:10:00,2021-05-24 14:10:00,111.0,101.0,20.5,30.4,29.6,65,1016.3,0,516,
2021-05-24 09:00:00,2021-05-24 14:00:00,119.0,105.0,19.2,29.2,29.9,60,1016.3,0,488,
2021-05-24 08:50:00,2021-05-24 13:50:00,122.0,118.0,16.3,29.2,29.4,63,1016.4,0,582,
2021-05-24 08:40:00,2021-05-24 13:40:00,123.0,121.0,14.3,23.5,29.3,62,1016.4,0,276,
2021-05-24 08:30:00,2021-05-24 13:30:00,121.0,108.0,15.3,24.6,29.4,61,1016.2,0,342,
2021-05-24 08:20:00,2021-05-24 13:20:00,123.0,126.0,15.6,24.6,29.7,60,1016.1,0,450,
2021-05-24 08:10:00,2021-05-24 13:10:00,128.0,121.0,13.8,21.8,29.4,62,1016,0,435,
2021-05-24 08:00:00,2021-05-24 13:00:00,122.0,113.0,13.5,25.2,29,63,1016,0,376,
2021-05-24 07:50:00,2021-05-24 12:50:00,123.0,129.0,14,20.6,28.6,64,1015.9,0,338,
2021-05-24 07:40:00,2021-05-24 12:40:00,121.0,120.0,13.9,22.9,28.1,66,1015.7,0,297,
2021-05-24 07:30:00,2021-05-24 12:30:00,117.0,110.0,12.4,19.5,27.3,69,1015.8,0,252,
2021-05-24 07:20:00,2021-05-24 12:20:00,120.0,109.0,11.2,15.4,27,70,1015.7,0,130,
2021-05-24 07:10:00,2021-05-24 12:10:00,125.0,111.0,10.9,15.4,26.8,70,1015.4,0,104,
2021-05-24 07:00:00,2021-05-24 12:00:00,124.0,135.0,11.7,20.6,26.4,71,1015.3,0,108,
2021-05-24 06:50:00,2021-05-24 11:50:00,121.0,118.0,11.5,17.2,26.2,72,1015.3,0,63,
2021-05-24 06:40:00,2021-05-24 11:40:00,122.0,114.0,11.4,18.3,26,72,1015.1,0,51,
2021-05-24 06:30:00,2021-05-24 11:30:00,121.0,119.0,10.7,16,25.9,72,1015,0,30,
2021-05-24 06:20:00,2021-05-24 11:20:00,118.0,118.0,11.8,17.2,25.9,71,1014.9,0,11,
2021-05-24 06:10:00,2021-05-24 11:10:00,117.0,115.0,12.9,20,25.8,71,1014.8,0,3,
2021-05-24 06:00:00,2021-05-24 11:00:00,122.0,123.0,10.4,17.7,25.8,72,1014.6,0,0,
2021-05-24 05:50:00,2021-05-24 10:50:00,123.0,121.0,10.1,14.3,26,70,1014.6,0,-2,
2021-05-24 05:40:00,2021-05-24 10:40:00,122.0,117.0,11.9,19.5,26,70,1014.6,0,-2,
2021-05-24 05:30:00,2021-05-24 10:30:00,124.0,117.0,10.3,17.2,26.1,69,1014.7,0,-2,
2021-05-24 05:20:00,2021-05-24 10:20:00,126.0,113.0,12.1,19.5,26.1,69,1014.7,0,-2,
2021-05-24 05:10:00,2021-05-24 10:10:00,122.0,112.0,12.9,18.3,26.2,69,1014.7,0,-2,
2021-05-24 05:00:00,2021-05-24 10:00:00,126.0,96.0,12.1,17.2,26,70,1014.6,0,-2,
2021-05-24 04:50:00,2021-05-24 09:50:00,124.0,128.0,12.3,24.6,26,73,1014.5,0,-2,
2021-05-24 04:40:00,2021-05-24 09:40:00,122.0,114.0,10.2,17.7,26.1,73,1014.4,0,-2,
2021-05-24 04:30:00,2021-05-24 09:30:00,130.0,117.0,10.3,16,26.2,71,1014.4,0,-2,
2021-05-24 04:20:00,2021-05-24 09:20:00,129.0,122.0,11,16.6,26.1,71,1014.4,0,-2,
2021-05-24 04:10:00,2021-05-24 09:10:00,126.0,127.0,11.2,17.2,26.1,71,1014.3,0,-2,
2021-05-24 04:00:00,2021-05-24 09:00:00,130.0,121.0,10.8,18.9,26,71,1014.4,0,-2,
2021-05-24 03:50:00,2021-05-24 08:50:00,125.0,125.0,8.9,17.2,25.9,72,1014.4,0,-2,
2021-05-24 03:40:00,2021-05-24 08:40:00,124.0,114.0,9.6,14.9,26,73,1014.4,0,-2,
2021-05-24 03:30:00,2021-05-24 08:30:00,130.0,118.0,9,14.9,26,72,1014.4,0,-2,
2021-05-24 03:20:00,2021-05-24 08:20:00,133.0,126.0,9.8,17.2,26.1,73,1014.5,0,-2,
2021-05-24 03:10:00,2021-05-24 08:10:00,132.0,130.0,9.4,16,26.1,72,1014.6,0,-2,
2021-05-24 03:00:00,2021-05-24 08:00:00,133.0,133.0,9,14.3,26.1,73,1014.7,0,-2,
2021-05-24 02:50:00,2021-05-24 07:50:00,127.0,130.0,9.7,16.6,26.4,71,1014.8,0,-2,
2021-05-24 02:40:00,2021-05-24 07:40:00,130.0,109.0,11.2,22.3,26.4,70,1014.8,0,-2,
2021-05-24 02:30:00,2021-05-24 07:30:00,130.0,125.0,11.1,18.3,26.4,70,1014.9,0,-2,
2021-05-24 02:20:00,2021-05-24 07:20:00,128.0,124.0,10,16.6,26.3,71,1015.1,0,-2,
2021-05-24 02:10:00,2021-05-24 07:10:00,131.0,133.0,10.7,17.7,26.4,71,1015.2,0,-2,
2021-05-24 02:00:00,2021-05-24 07:00:00,129.0,121.0,11.2,20.6,26.5,74,1015.2,0,-2,
2021-05-24 01:50:00,2021-05-24 06:50:00,131.0,130.0,11.5,19.5,26.5,74,1015.3,0,-2,
2021-05-24 01:40:00,2021-05-24 06:40:00,132.0,121.0,12,21.2,26.5,75,1015.4,0,-2,
2021-05-24 01:30:00,2021-05-24 06:30:00,131.0,141.0,10.3,18.3,26.5,77,1015.5,0,-2,
2021-05-24 01:20:00,2021-05-24 06:20:00,133.0,153.0,11.3,18.3,26.5,76,1015.7,0,-1,
2021-05-24 01:10:00,2021-05-24 06:10:00,135.0,142.0,11.4,17.7,26.5,78,1015.8,0,-2,
2021-05-24 01:00:00,2021-05-24 06:00:00,136.0,153.0,9.3,14.9,26.5,77,1016,0,-2,
2021-05-24 00:50:00,2021-05-24 05:50:00,136.0,132.0,9.7,16.6,26.5,77,1016.2,0,-2,
2021-05-24 00:40:00,2021-05-24 05:40:00,136.0,142.0,7.9,13.7,26.7,76,1016.4,0,-2,
2021-05-24 00:30:00,2021-05-24 05:30:00,134.0,135.0,9.4,15.4,26.7,75,1016.5,0,-2,
2021-05-24 00:20:00,2021-05-24 05:20:00,141.0,143.0,10.4,19.5,26.7,76,1016.6,0,-2,
2021-05-24 00:10:00,2021-05-24 05:10:00,135.0,118.0,10.7,18.9,26.6,77,1016.5,0,-2,
2021-05-24 00:00:00,2021-05-24 05:00:00,136.0,119.0,9.4,15.4,26.6,77,1016.5,0,-2,
2021-05-23 23:50:00,2021-05-24 04:50:00,133.0,115.0,8.5,14.9,26.8,76,1016.5,0,-2,
2021-05-23 23:40:00,2021-05-24 04:40:00,137.0,163.0,11.1,21.2,26.8,76,1016.6,0,-2,
2021-05-23 23:30:00,2021-05-24 04:30:00,136.0,144.0,10.7,16,26.8,77,1016.7,0,-1,
2021-05-23 23:20:00,2021-05-24 04:20:00,141.0,144.0,10.6,21.8,27,76,1016.7,0,-1,
2021-05-23 23:10:00,2021-05-24 04:10:00,135.0,149.0,11.6,17.2,27,76,1016.7,0,-2,
2021-05-23 23:00:00,2021-05-24 04:00:00,139.0,142.0,12.2,21.8,27,75,1016.6,0,-1,
2021-05-23 22:50:00,2021-05-24 03:50:00,137.0,127.0,12.7,21.2,27,75,1016.6,0,-1,
2021-05-23 22:40:00,2021-05-24 03:40:00,140.0,139.0,12.4,22.3,27,76,1016.5,0,-1,
2021-05-23 22:30:00,2021-05-24 03:30:00,131.0,122.0,11.5,18.9,26.9,76,1016.4,0,-1,
2021-05-23 22:20:00,2021-05-24 03:20:00,131.0,125.0,13,20,26.9,75,1016.4,0,-1,
2021-05-23 22:10:00,2021-05-24 03:10:00,132.0,139.0,11.7,20,26.9,75,1016.3,0,-2,
2021-05-23 22:00:00,2021-05-24 03:00:00,133.0,119.0,12.5,22.9,27.1,76,1016.2,0,-2,
2021-05-23 21:50:00,2021-05-24 02:50:00,129.0,121.0,14.3,24.1,27.1,74,1016.1,0,-2,
2021-05-23 21:40:00,2021-05-24 02:40:00,128.0,119.0,15,26.9,27,75,1016.1,0,-2,
2021-05-23 21:30:00,2021-05-24 02:30:00,124.0,117.0,15.1,22.9,27.1,76,1016,0,-2,
2021-05-23 21:20:00,2021-05-24 02:20:00,120.0,103.0,17.8,24.6,27.2,75,1016,0,-2,
2021-05-23 21:10:00,2021-05-24 02:10:00,123.0,121.0,15.4,24.6,27.2,74,1015.9,0,-2,
2021-05-23 21:00:00,2021-05-24 02:00:00,126.0,125.0,16.2,25.8,27.3,75,1015.8,0,-2,
2021-05-23 20:50:00,2021-05-24 01:50:00,123.0,105.0,16.7,25.2,27.3,76,1015.7,0,-1,
2021-05-23 20:40:00,2021-05-24 01:40:00,123.0,116.0,13.6,24.6,27.3,76,1015.6,0,-1,
2021-05-23 20:30:00,2021-05-24 01:30:00,124.0,120.0,16.6,29.8,27.2,78,1015.4,0,-1,
2021-05-23 20:20:00,2021-05-24 01:20:00,124.0,126.0,14.5,21.8,27.1,79,1015.3,0,-1,
2021-05-23 20:10:00,2021-05-24 01:10:00,131.0,115.0,12,22.9,27,79,1015.3,0,-2,
2021-05-23 20:00:00,2021-05-24 01:00:00,128.0,112.0,11.5,19.5,27,80,1015.2,0,-2,
2021-05-23 19:50:00,2021-05-24 00:50:00,126.0,132.0,12.9,20,27.1,79,1015,0,-2,
2021-05-23 19:40:00,2021-05-24 00:40:00,122.0,117.0,14.4,24.1,27.2,79,1014.8,0,-1,
2021-05-23 19:30:00,2021-05-24 00:30:00,123.0,106.0,14.2,24.6,27.2,78,1014.7,0,-0,
2021-05-23 19:20:00,2021-05-24 00:20:00,126.0,125.0,14.9,26.4,27.2,79,1014.6,0,4,
2021-05-23 19:10:00,2021-05-24 00:10:00,124.0,113.0,17.5,27.5,27.1,80,1014.5,0,14,
2021-05-23 19:00:00,2021-05-24 00:00:00,132.0,126.0,12.7,24.1,27.1,82,1014.4,0,22,
2021-05-23 18:50:00,2021-05-23 23:50:00,141.0,163.0,9.7,16.6,27.3,81,1014.4,0,19,
2021-05-23 18:40:00,2021-05-23 23:40:00,144.0,158.0,12.3,21.2,27.6,78,1014.3,0,19,
2021-05-23 18:30:00,2021-05-23 23:30:00,117.0,121.0,17.4,27.5,28,76,1014.2,0,61,
2021-05-23 18:20:00,2021-05-23 23:20:00,118.0,118.0,16.8,27.5,28.4,74,1014.1,0,96,
2021-05-23 18:10:00,2021-05-23 23:10:00,118.0,118.0,16.1,29.8,28.3,75,1014,0,212,
2021-05-23 18:00:00,2021-05-23 23:00:00,122.0,112.0,15.3,25.8,28.1,75,1014,0,152,
2021-05-23 17:50:00,2021-05-23 22:50:00,125.0,118.0,16.6,28.7,28.2,75,1014,0,183,
2021-05-23 17:40:00,2021-05-23 22:40:00,124.0,112.0,15.3,26.4,28.7,73,1014.1,0,85,
2021-05-23 17:30:00,2021-05-23 22:30:00,128.0,134.0,15.7,26.4,29.8,68,1014.1,0,205,
2021-05-23 17:20:00,2021-05-23 22:20:00,132.0,129.0,16,23.5,29.9,66,1014,0,422,
2021-05-23 17:10:00,2021-05-23 22:10:00,133.0,102.0,15.9,27.5,29.6,67,1014,0,461,
2021-05-23 17:00:00,2021-05-23 22:00:00,128.0,115.0,16,26.9,29.2,70,1014,0,381,
2021-05-23 16:50:00,2021-05-23 21:50:00,125.0,121.0,17.8,29.2,28.8,73,1014,0,397,
2021-05-23 16:40:00,2021-05-23 21:40:00,119.0,127.0,18.7,30.4,28.8,73,1014.1,0,210,
2021-05-23 16:30:00,2021-05-23 21:30:00,122.0,122.0,18.4,30.4,28.9,73,1014.1,0,318,
2021-05-23 16:20:00,2021-05-23 21:20:00,118.0,113.0,20.1,34.4,29,73,1014.2,0,252,
2021-05-23 16:10:00,2021-05-23 21:10:00,122.0,116.0,19.2,29.8,28.9,73,1014.3,0,550,
2021-05-23 16:00:00,2021-05-23 21:00:00,125.0,118.0,18.3,28.7,28.7,73,1014.4,0,312,
2021-05-23 15:50:00,2021-05-23 20:50:00,124.0,117.0,18.4,30.4,30.5,67,1014.4,0,284,
2021-05-23 15:40:00,2021-05-23 20:40:00,123.0,109.0,16.7,28.1,30.5,67,1014.5,0,648,
2021-05-23 15:30:00,2021-05-23 20:30:00,126.0,118.0,19.7,32.7,30.3,68,1014.5,0,354,
2021-05-23 15:20:00,2021-05-23 20:20:00,126.0,118.0,18.5,30.4,29.3,74,1014.6,0,289,
2021-05-23 15:10:00,2021-05-23 20:10:00,119.0,114.0,21.8,33.3,29.7,71,1014.5,0,211,
2021-05-23 15:00:00,2021-05-23 20:00:00,121.0,101.0,17.4,27.5,31.4,62,1014.6,0,355,
2021-05-23 14:50:00,2021-05-23 19:50:00,125.0,108.0,17.2,29.2,31.5,62,1014.8,0,763,
2021-05-23 14:40:00,2021-05-23 19:40:00,126.0,102.0,17.3,31,31.3,62,1015,0,762,
2021-05-23 14:30:00,2021-05-23 19:30:00,133.0,119.0,16.7,30.4,31.5,61,1015.1,0,703,
2021-05-23 14:20:00,2021-05-23 19:20:00,124.0,109.0,16.6,27.5,31.4,61,1015.2,0,712,
2021-05-23 14:10:00,2021-05-23 19:10:00,121.0,99.0,18.3,29.8,31.4,62,1015.3,0,813,
2021-05-23 14:00:00,2021-05-23 19:00:00,123.0,106.0,17.3,31,31.1,64,1015.5,0,760,
2021-05-23 13:50:00,2021-05-23 18:50:00,121.0,119.0,19.4,27.5,30.9,65,1015.6,0,604,
2021-05-23 13:40:00,2021-05-23 18:40:00,119.0,110.0,19,29.2,30.6,65,1015.6,0,512,
2021-05-23 13:30:00,2021-05-23 18:30:00,123.0,121.0,17.9,31.6,31,65,1015.7,0,604,
2021-05-23 13:20:00,2021-05-23 18:20:00,120.0,109.0,19.3,29.8,31,63,1015.9,0,846,
2021-05-23 13:10:00,2021-05-23 18:10:00,121.0,119.0,18.2,31,31.5,63,1015.9,0,870,
2021-05-23 13:00:00,2021-05-23 18:00:00,123.0,117.0,14.9,26.4,31.1,64,1016.1,0,988,
2021-05-23 12:50:00,2021-05-23 17:50:00,117.0,107.0,17.3,28.1,30.9,65,1016.1,0,840,
2021-05-23 12:40:00,2021-05-23 17:40:00,118.0,114.0,18.5,31.6,31,64,1016.2,0,824,
2021-05-23 12:30:00,2021-05-23 17:30:00,125.0,104.0,17,25.2,31.1,63,1016.4,0,1057,
2021-05-23 12:20:00,2021-05-23 17:20:00,126.0,110.0,17.5,29.2,31,63,1016.6,0,1080,
2021-05-23 12:10:00,2021-05-23 17:10:00,121.0,118.0,19.3,29.8,30.9,64,1016.7,0,973,
2021-05-23 12:00:00,2021-05-23 17:00:00,118.0,109.0,20.2,35,30.9,64,1016.7,0,995,
2021-05-23 11:50:00,2021-05-23 16:50:00,118.0,112.0,20.1,29.8,30.8,64,1016.7,0,1053,
2021-05-23 11:40:00,2021-05-23 16:40:00,118.0,123.0,19.1,29.2,31,65,1016.7,0,1022,
2021-05-23 11:30:00,2021-05-23 16:30:00,123.0,105.0,16.5,27.5,31.1,65,1016.8,0,970,
2021-05-23 11:20:00,2021-05-23 16:20:00,123.0,117.0,17.2,27.5,30.9,65,1017,0,923,
2021-05-23 11:10:00,2021-05-23 16:10:00,124.0,107.0,18.6,31,30.5,66,1016.9,0,954,
2021-05-23 11:00:00,2021-05-23 16:00:00,124.0,110.0,18,27.5,30.6,66,1016.9,0,683,
2021-05-23 10:50:00,2021-05-23 15:50:00,124.0,107.0,18.7,33.9,30.9,66,1016.9,0,951,
2021-05-23 10:40:00,2021-05-23 15:40:00,114.0,103.0,18.1,29.8,30.7,66,1016.9,0,845,
2021-05-23 10:30:00,2021-05-23 15:30:00,119.0,121.0,19.3,29.8,30.3,67,1016.9,0,877,
2021-05-23 10:20:00,2021-05-23 15:20:00,123.0,119.0,17.5,28.1,30.4,68,1016.9,0,658,
2021-05-23 10:10:00,2021-05-23 15:10:00,112.0,100.0,18.9,28.1,30.3,66,1016.9,0,746,
2021-05-23 10:00:00,2021-05-23 15:00:00,117.0,119.0,18.8,28.1,30.5,64,1016.9,0,764,
2021-05-23 09:50:00,2021-05-23 14:50:00,113.0,104.0,15.8,28.7,30.4,66,1016.8,0,731,
2021-05-23 09:40:00,2021-05-23 14:40:00,111.0,110.0,18.5,28.7,29.9,70,1016.9,0,645,
2021-05-23 09:30:00,2021-05-23 14:30:00,109.0,114.0,19.1,30.4,29.6,72,1016.9,0,533,
2021-05-23 09:20:00,2021-05-23 14:20:00,107.0,121.0,20,29.8,29.5,72,1016.9,0,626,
2021-05-23 09:10:00,2021-05-23 14:10:00,110.0,114.0,17.1,26.9,29,75,1016.9,0,518,
2021-05-23 09:00:00,2021-05-23 14:00:00,118.0,123.0,16.1,24.6,28.9,72,1016.9,0,315,
2021-05-23 08:50:00,2021-05-23 13:50:00,116.0,117.0,18,26.4,28.6,74,1016.8,0,363,
2021-05-23 08:40:00,2021-05-23 13:40:00,116.0,125.0,15.8,22.9,28.4,75,1016.8,0,281,
2021-05-23 08:30:00,2021-05-23 13:30:00,118.0,119.0,18.6,29.2,28.7,74,1016.7,0,281,
2021-05-23 08:20:00,2021-05-23 13:20:00,112.0,109.0,15.8,26.4,28.3,78,1016.6,0,407,
2021-05-23 08:10:00,2021-05-23 13:10:00,110.0,101.0,18.9,28.7,28.3,78,1016.5,0,201,
2021-05-23 08:00:00,2021-05-23 13:00:00,108.0,105.0,18.8,29.2,28.4,78,1016.5,0,353,
2021-05-23 07:50:00,2021-05-23 12:50:00,107.0,120.0,18.9,29.2,27.8,81,1016.5,0,344,
2021-05-23 07:40:00,2021-05-23 12:40:00,104.0,103.0,18.1,24.6,27.3,82,1016.4,0,223,
2021-05-23 07:30:00,2021-05-23 12:30:00,105.0,105.0,19.6,28.7,27.2,81,1016.3,0,111,
2021-05-23 07:20:00,2021-05-23 12:20:00,111.0,102.0,18.1,25.2,27.1,77,1016.1,0,72,
2021-05-23 07:10:00,2021-05-23 12:10:00,114.0,113.0,17.6,26.9,27.1,75,1015.8,0,80,
2021-05-23 07:00:00,2021-05-23 12:00:00,110.0,116.0,17.6,26.4,27.2,74,1015.8,0,72,
2021-05-23 06:50:00,2021-05-23 11:50:00,115.0,108.0,15.2,29.2,27,74,1015.8,0,100,
2021-05-23 06:40:00,2021-05-23 11:40:00,119.0,117.0,14.3,22.3,26.7,73,1015.7,0,58,
2021-05-23 06:30:00,2021-05-23 11:30:00,120.0,119.0,14.4,21.8,26.5,73,1015.6,0,31,
2021-05-23 06:20:00,2021-05-23 11:20:00,120.0,119.0,14.9,21.8,26.4,74,1015.6,0,11,
2021-05-23 06:10:00,2021-05-23 11:10:00,123.0,111.0,14.8,23.5,26.4,73,1015.6,0,2,
2021-05-23 06:00:00,2021-05-23 11:00:00,121.0,123.0,14.8,25.2,26.5,72,1015.7,0,-0,
2021-05-23 05:50:00,2021-05-23 10:50:00,122.0,116.0,15.5,27.5,26.4,73,1015.5,0,-1,
2021-05-23 05:40:00,2021-05-23 10:40:00,123.0,123.0,14.3,25.2,26.4,74,1015.3,0,-2,
2021-05-23 05:30:00,2021-05-23 10:30:00,122.0,121.0,15.4,26.9,26.5,73,1015.3,0,-2,
2021-05-23 05:20:00,2021-05-23 10:20:00,123.0,117.0,16.4,27.5,26.4,74,1015.2,0,-2,
2021-05-23 05:10:00,2021-05-23 10:10:00,122.0,112.0,14,25.2,26.4,75,1015.1,0,-2,
2021-05-23 05:00:00,2021-05-23 10:00:00,119.0,120.0,14.3,24.1,26.4,75,1015.1,0,-2,
2021-05-23 04:50:00,2021-05-23 09:50:00,119.0,107.0,15,25.8,26.4,77,1014.9,0,-1,
2021-05-23 04:40:00,2021-05-23 09:40:00,115.0,113.0,17.9,29.2,26.4,77,1014.8,0,-1,
2021-05-23 04:30:00,2021-05-23 09:30:00,119.0,122.0,16.3,29.8,26.3,79,1014.7,0,-2,
2021-05-23 04:20:00,2021-05-23 09:20:00,114.0,116.0,17.4,24.6,26.4,79,1014.7,0,-1,
2021-05-23 04:10:00,2021-05-23 09:10:00,114.0,103.0,16.1,28.7,26.4,79,1014.7,0,-2,
2021-05-23 04:00:00,2021-05-23 09:00:00,115.0,107.0,17.6,26.4,26.4,79,1014.8,0,-2,
2021-05-23 03:50:00,2021-05-23 08:50:00,114.0,126.0,16.6,24.6,26.4,81,1014.9,0,-1,
2021-05-23 03:40:00,2021-05-23 08:40:00,117.0,105.0,15.9,29.2,26.2,82,1015,0,-1,
2021-05-23 03:30:00,2021-05-23 08:30:00,114.0,105.0,13,20.6,26.1,83,1015,0,-1,
2021-05-23 03:20:00,2021-05-23 08:20:00,114.0,112.0,12.9,19.5,26.1,82,1014.9,0,-2,
2021-05-23 03:10:00,2021-05-23 08:10:00,109.0,96.0,14.7,21.8,26.2,82,1014.9,0,-2,
2021-05-23 03:00:00,2021-05-23 08:00:00,109.0,113.0,15.6,24.6,26.2,82,1014.9,0,-2,
2021-05-23 02:50:00,2021-05-23 07:50:00,110.0,109.0,14.7,23.5,26.2,81,1015,0,-2,
2021-05-23 02:40:00,2021-05-23 07:40:00,112.0,107.0,15.6,22.9,26.2,82,1015.1,0,-2,
2021-05-23 02:30:00,2021-05-23 07:30:00,110.0,112.0,16.5,23.5,26.2,84,1015.1,0,-2,
2021-05-23 02:20:00,2021-05-23 07:20:00,110.0,104.0,15.6,24.1,26.2,84,1015.2,0,-2,
2021-05-23 02:10:00,2021-05-23 07:10:00,112.0,118.0,14.5,23.5,26.2,83,1015.3,0,-2,
2021-05-23 02:00:00,2021-05-23 07:00:00,112.0,119.0,14.2,20.6,26.3,83,1015.4,0,-2,
2021-05-23 01:50:00,2021-05-23 06:50:00,113.0,109.0,15,26.4,26.4,82,1015.5,0,-2,
2021-05-23 01:40:00,2021-05-23 06:40:00,112.0,119.0,15.5,23.5,26.5,82,1015.7,0,-2,
2021-05-23 01:30:00,2021-05-23 06:30:00,112.0,106.0,16.3,25.8,26.5,82,1015.8,0,-2,
2021-05-23 01:20:00,2021-05-23 06:20:00,111.0,113.0,15.7,24.6,26.5,83,1015.9,0,-2,
2021-05-23 01:10:00,2021-05-23 06:10:00,114.0,97.0,17.1,24.1,26.5,82,1016,0,-1,
2021-05-23 01:00:00,2021-05-23 06:00:00,114.0,113.0,16.1,26.4,26.4,84,1016.1,0,-2,
2021-05-23 00:50:00,2021-05-23 05:50:00,116.0,120.0,12.1,20,26.5,83,1016.1,0,-2,
2021-05-23 00:40:00,2021-05-23 05:40:00,111.0,110.0,16.2,24.6,26.6,81,1016,0,-2,
2021-05-23 00:30:00,2021-05-23 05:30:00,113.0,113.0,15.7,22.3,26.6,79,1016.1,0,-2,
2021-05-23 00:20:00,2021-05-23 05:20:00,116.0,120.0,18.5,30.4,26.7,79,1016.3,0,-2,
2021-05-23 00:10:00,2021-05-23 05:10:00,114.0,132.0,18.4,32.1,26.8,80,1016.4,0,-2,
2021-05-23 00:00:00,2021-05-23 05:00:00,114.0,118.0,18.5,28.7,26.8,79,1016.5,0,-2,
2021-05-22 23:50:00,2021-05-23 04:50:00,117.0,116.0,17,26.4,26.8,79,1016.6,0,-2,
2021-05-22 23:40:00,2021-05-23 04:40:00,114.0,111.0,19.2,31.6,26.8,79,1016.7,0,-2,
2021-05-22 23:30:00,2021-05-23 04:30:00,117.0,114.0,17.8,27.5,26.8,80,1016.8,0,-2,
2021-05-22 23:20:00,2021-05-23 04:20:00,118.0,116.0,17.1,28.1,26.8,80,1016.8,0,-2,
2021-05-22 23:10:00,2021-05-23 04:10:00,118.0,115.0,16.7,26.4,26.8,79,1016.7,0,-2,
2021-05-22 23:00:00,2021-05-23 04:00:00,121.0,116.0,17.5,26.4,26.8,79,1016.7,0,-2,
2021-05-22 22:50:00,2021-05-23 03:50:00,117.0,124.0,18,27.5,26.7,80,1016.6,0,-2,
2021-05-22 22:40:00,2021-05-23 03:40:00,118.0,102.0,16.1,25.8,26.7,81,1016.5,0,-2,
2021-05-22 22:30:00,2021-05-23 03:30:00,119.0,118.0,16.4,25.8,26.8,81,1016.4,0,-2,
2021-05-22 22:20:00,2021-05-23 03:20:00,113.0,116.0,18.7,29.8,26.7,81,1016.3,0,-2,
2021-05-22 22:10:00,2021-05-23 03:10:00,118.0,121.0,15.1,26.4,26.8,80,1016.2,0,-2,
2021-05-22 22:00:00,2021-05-23 03:00:00,118.0,118.0,18.3,28.1,26.8,79,1016.1,0,-2,
2021-05-22 21:50:00,2021-05-23 02:50:00,119.0,98.0,16.9,25.8,26.8,80,1016,0,-2,
2021-05-22 21:40:00,2021-05-23 02:40:00,117.0,109.0,17.6,27.5,26.8,81,1016,0,-2,
2021-05-22 21:30:00,2021-05-23 02:30:00,119.0,117.0,17.1,28.7,26.9,80,1016,0,-2,
2021-05-22 21:20:00,2021-05-23 02:20:00,117.0,118.0,18.4,26.9,27,80,1015.8,0,-1,
2021-05-22 21:10:00,2021-05-23 02:10:00,116.0,115.0,17.8,28.1,27,79,1015.8,0,-1,
2021-05-22 21:00:00,2021-05-23 02:00:00,117.0,110.0,18,31,26.9,80,1015.7,0,-1,
2021-05-22 20:50:00,2021-05-23 01:50:00,122.0,127.0,15.1,23.5,26.9,79,1015.6,0,-1,
2021-05-22 20:40:00,2021-05-23 01:40:00,124.0,121.0,16.6,26.4,26.9,79,1015.5,0,-2,
2021-05-22 20:30:00,2021-05-23 01:30:00,123.0,118.0,18.1,29.8,26.8,80,1015.4,0,-1,
2021-05-22 20:20:00,2021-05-23 01:20:00,124.0,115.0,15.6,25.2,26.8,83,1015.3,0,-2,
2021-05-22 20:10:00,2021-05-23 01:10:00,123.0,118.0,16,27.5,26.9,83,1015.1,0,-1,
2021-05-22 20:00:00,2021-05-23 01:00:00,120.0,109.0,17.8,31.6,26.9,84,1015,0,-2,
2021-05-22 19:50:00,2021-05-23 00:50:00,118.0,120.0,19.4,28.1,26.9,83,1014.9,0,-2,
2021-05-22 19:40:00,2021-05-23 00:40:00,116.0,117.0,19.9,32.1,26.9,86,1014.9,0,-1,
2021-05-22 19:30:00,2021-05-23 00:30:00,123.0,106.0,13.9,24.6,26.8,88,1014.8,0,-0,
2021-05-22 19:20:00,2021-05-23 00:20:00,126.0,115.0,12.1,20,26.7,90,1014.7,0,3,
2021-05-22 19:10:00,2021-05-23 00:10:00,126.0,136.0,11.6,21.8,26.5,95,1014.6,0,8,
2021-05-22 19:00:00,2021-05-23 00:00:00,122.0,114.0,11.3,24.6,26.5,97,1014.4,0,18,
2021-05-22 18:50:00,2021-05-22 23:50:00,119.0,121.0,7.4,14.9,26.5,96,1014.3,0,26,
2021-05-22 18:40:00,2021-05-22 23:40:00,114.0,119.0,11.7,19.5,26.7,94,1014.4,0,37,
2021-05-22 18:30:00,2021-05-22 23:30:00,133.0,150.0,10.2,20.6,27,93,1014.3,0,43,
2021-05-22 18:20:00,2021-05-22 23:20:00,123.0,111.0,10.4,17.2,27.2,92,1014.2,0,55,
2021-05-22 18:10:00,2021-05-22 23:10:00,120.0,137.0,10.9,18.9,27.2,92,1014.2,0,89,
2021-05-22 18:00:00,2021-05-22 23:00:00,129.0,146.0,11.1,17.7,27.2,92,1014.2,0,94,
2021-05-22 17:50:00,2021-05-22 22:50:00,130.0,127.0,9.7,17.7,27.3,92,1014.3,0,114,
2021-05-22 17:40:00,2021-05-22 22:40:00,128.0,119.0,10,17.2,27.3,92,1014.3,0,128,
2021-05-22 17:30:00,2021-05-22 22:30:00,125.0,113.0,10.4,19.5,27.3,91,1014.4,0,146,
2021-05-22 17:20:00,2021-05-22 22:20:00,134.0,134.0,8.9,15.4,27.2,91,1014.5,0,142,
2021-05-22 17:10:00,2021-05-22 22:10:00,130.0,119.0,10.6,17.2,27.2,91,1014.5,0,135,
2021-05-22 17:00:00,2021-05-22 22:00:00,137.0,130.0,12,18.9,27.1,90,1014.5,0,144,
2021-05-22 16:50:00,2021-05-22 21:50:00,142.0,149.0,13,20,27.1,89,1014.6,0,158,
2021-05-22 16:40:00,2021-05-22 21:40:00,135.0,162.0,14.6,21.8,27,90,1014.6,0,180,
2021-05-22 16:30:00,2021-05-22 21:30:00,142.0,148.0,12.8,26.4,26.9,92,1014.6,0,181,
2021-05-22 16:20:00,2021-05-22 21:20:00,133.0,153.0,12.4,20,26.8,95,1014.6,0,174,
2021-05-22 16:10:00,2021-05-22 21:10:00,137.0,152.0,12.4,23.5,26.7,97,1014.7,0,197,
2021-05-22 16:00:00,2021-05-22 21:00:00,135.0,132.0,14.7,23.5,26.7,96,1014.7,0,201,
2021-05-22 15:50:00,2021-05-22 20:50:00,130.0,114.0,16.4,26.9,26.7,95,1014.8,0,176,
2021-05-22 15:40:00,2021-05-22 20:40:00,123.0,111.0,16.5,30.4,26.9,94,1014.7,0,184,
2021-05-22 15:30:00,2021-05-22 20:30:00,127.0,122.0,17.4,30.4,27,93,1014.5,0,237,
2021-05-22 15:20:00,2021-05-22 20:20:00,124.0,117.0,18.7,31,26.9,93,1014.5,0,267,
2021-05-22 15:10:00,2021-05-22 20:10:00,128.0,125.0,17,26.4,27,93,1014.6,0,258,
2021-05-22 15:00:00,2021-05-22 20:00:00,130.0,120.0,15.4,24.6,27.1,94,1014.8,0,259,
2021-05-22 14:50:00,2021-05-22 19:50:00,126.0,128.0,16.6,26.4,27.1,95,1014.9,0,285,
2021-05-22 14:40:00,2021-05-22 19:40:00,127.0,112.0,17.3,28.1,26.9,96,1015.1,0,312,
2021-05-22 14:30:00,2021-05-22 19:30:00,131.0,130.0,15.4,25.2,26.7,99,1015.2,0,286,
2021-05-22 14:20:00,2021-05-22 19:20:00,129.0,116.0,17.9,30.4,26.6,100,1015.4,0,274,
2021-05-22 14:10:00,2021-05-22 19:10:00,126.0,110.0,16.8,32.1,26.5,100,1015.5,0,267,
2021-05-22 14:00:00,2021-05-22 19:00:00,125.0,120.0,19.8,31,26.2,100,1015.6,0,312,
2021-05-22 13:50:00,2021-05-22 18:50:00,126.0,121.0,19.9,29.8,26,100,1015.8,0,305,
2021-05-22 13:40:00,2021-05-22 18:40:00,130.0,143.0,14.5,26.9,25.8,100,1015.9,0,314,
2021-05-22 13:30:00,2021-05-22 18:30:00,132.0,138.0,16.6,27.5,25.3,100,1016,0,413,
2021-05-22 13:20:00,2021-05-22 18:20:00,137.0,120.0,16.2,29.2,24.8,100,1016.2,0.25,265,
2021-05-22 13:10:00,2021-05-22 18:10:00,140.0,118.0,17.5,31,24.6,100,1016.3,0.25,164,
2021-05-22 13:00:00,2021-05-22 18:00:00,126.0,128.0,16,28.1,24.7,100,1016.4,1.27,104,
2021-05-22 12:50:00,2021-05-22 17:50:00,129.0,116.0,13,28.7,24.8,100,1016.4,1.52,83,
2021-05-22 12:40:00,2021-05-22 17:40:00,132.0,137.0,10.1,15.4,24.7,100,1016.5,0.25,82,
2021-05-22 12:30:00,2021-05-22 17:30:00,131.0,136.0,11.3,23.5,24.5,100,1016.6,0.51,33,
2021-05-22 12:20:00,2021-05-22 17:20:00,125.0,119.0,15.1,23.5,24.5,100,1016.7,0.25,52,
2021-05-22 12:10:00,2021-05-22 17:10:00,116.0,113.0,16.6,35,24.5,100,1016.8,0.51,47,
2021-05-22 12:00:00,2021-05-22 17:00:00,118.0,119.0,23.5,39.6,25.2,100,1016.7,2.79,51,
2021-05-22 11:50:00,2021-05-22 16:50:00,113.0,110.0,19.9,31,26.3,100,1016.6,0.51,101,
2021-05-22 11:40:00,2021-05-22 16:40:00,110.0,129.0,19.1,29.2,27.5,98,1016.4,0,209,
2021-05-22 11:30:00,2021-05-22 16:30:00,121.0,110.0,19,31.6,27.9,100,1016.4,0,782,
2021-05-22 11:20:00,2021-05-22 16:20:00,120.0,118.0,18.6,26.4,26.7,100,1016.6,0,863,
2021-05-22 11:10:00,2021-05-22 16:10:00,119.0,114.0,17.8,32.7,25.9,100,1016.7,0,378,
2021-05-22 11:00:00,2021-05-22 16:00:00,128.0,103.0,16.4,29.2,25.4,100,1016.8,0,297,
2021-05-22 10:50:00,2021-05-22 15:50:00,137.0,154.0,15.9,25.2,25.2,100,1016.8,0,267,
2021-05-22 10:40:00,2021-05-22 15:40:00,127.0,120.0,18.4,28.7,25.6,99,1016.9,1.52,172,
2021-05-22 10:30:00,2021-05-22 15:30:00,125.0,125.0,20.3,33.3,27,94,1016.7,0.76,91,
2021-05-22 10:20:00,2021-05-22 15:20:00,127.0,118.0,17,25.8,27.6,91,1016.7,0,195,
2021-05-22 10:10:00,2021-05-22 15:10:00,130.0,134.0,18,29.2,27.9,89,1016.6,0,280,
2021-05-22 10:00:00,2021-05-22 15:00:00,130.0,116.0,19.2,32.7,28,90,1016.6,0,433,
2021-05-22 09:50:00,2021-05-22 14:50:00,129.0,116.0,17.9,32.1,28,94,1016.6,0,440,
2021-05-22 09:40:00,2021-05-22 14:40:00,122.0,117.0,20.2,34.4,27.5,98,1016.5,0,498,
2021-05-22 09:30:00,2021-05-22 14:30:00,122.0,109.0,18.4,28.7,27.2,100,1016.5,0,361,
2021-05-22 09:20:00,2021-05-22 14:20:00,120.0,120.0,21.6,33.9,26.9,100,1016.4,0,417,
2021-05-22 09:10:00,2021-05-22 14:10:00,120.0,106.0,17.9,29.8,26.8,100,1016.3,0,326,
2021-05-22 09:00:00,2021-05-22 14:00:00,118.0,118.0,18.4,28.7,26.1,100,1016.3,0,381,
2021-05-22 08:50:00,2021-05-22 13:50:00,116.0,103.0,21.5,36.7,25.6,100,1016.2,0,232,
2021-05-22 08:40:00,2021-05-22 13:40:00,111.0,112.0,21.3,35,25.6,100,1016.1,0,135,
2021-05-22 08:30:00,2021-05-22 13:30:00,112.0,117.0,20.4,33.3,25.3,100,1016.2,0,106,
2021-05-22 08:20:00,2021-05-22 13:20:00,114.0,108.0,20.9,34.4,25.1,100,1016.3,0,108,
2021-05-22 08:10:00,2021-05-22 13:10:00,110.0,104.0,21.9,35,25,100,1016.4,0,63,
2021-05-22 08:00:00,2021-05-22 13:00:00,102.0,111.0,22.4,31.6,24.9,100,1016.1,0,49,
2021-05-22 07:50:00,2021-05-22 12:50:00,89.0,80.0,25,42.5,24.6,100,1015.8,1.52,22,
2021-05-22 07:40:00,2021-05-22 12:40:00,94.0,105.0,21.9,39.6,24.5,100,1015.8,3.05,10,
2021-05-22 07:30:00,2021-05-22 12:30:00,93.0,99.0,22.4,31.6,24.4,100,1015.9,3.05,12,
2021-05-22 07:20:00,2021-05-22 12:20:00,90.0,101.0,22.6,35,24.8,100,1015.7,2.29,11,
2021-05-22 07:10:00,2021-05-22 12:10:00,98.0,88.0,19.1,26.9,24.9,100,1015.7,0,17,
2021-05-22 07:00:00,2021-05-22 12:00:00,110.0,102.0,19.1,29.8,25,100,1015.4,0,17,
2021-05-22 06:50:00,2021-05-22 11:50:00,106.0,107.0,21.1,33.9,25.8,100,1015.2,0.51,9,
2021-05-22 06:40:00,2021-05-22 11:40:00,107.0,121.0,12.5,22.9,26.3,100,1015.1,0,9,
2021-05-22 06:30:00,2021-05-22 11:30:00,123.0,118.0,4.8,8.5,26.2,100,1014.8,0,12,
2021-05-22 06:20:00,2021-05-22 11:20:00,126.0,128.0,4.9,10.2,26.2,100,1014.7,0,3,
2021-05-22 06:10:00,2021-05-22 11:10:00,131.0,122.0,3.5,6.2,26.3,100,1014.6,0,-0,
2021-05-22 06:00:00,2021-05-22 11:00:00,132.0,126.0,3.4,6.2,26.4,100,1014.5,0,-1,
2021-05-22 05:50:00,2021-05-22 10:50:00,132.0,139.0,4.6,10.2,26.5,100,1014.6,0,-1,
2021-05-22 05:40:00,2021-05-22 10:40:00,126.0,118.0,5.8,14.3,26.5,100,1014.7,0,-1,
2021-05-22 05:30:00,2021-05-22 10:30:00,124.0,118.0,6.8,17.2,26.4,100,1014.7,0,-1,
2021-05-22 05:20:00,2021-05-22 10:20:00,132.0,151.0,4.1,10.2,26.3,100,1014.6,0,-1,
2021-05-22 05:10:00,2021-05-22 10:10:00,132.0,129.0,5,9.7,26.4,100,1014.4,0,-1,
2021-05-22 05:00:00,2021-05-22 10:00:00,130.0,111.0,8.6,17.2,26.4,100,1014.3,0,-1,
2021-05-22 04:50:00,2021-05-22 09:50:00,128.0,120.0,7.5,16.6,26.4,100,1014.3,0,-1,
2021-05-22 04:40:00,2021-05-22 09:40:00,130.0,132.0,7.9,17.2,26.4,100,1014.4,0,-1,
2021-05-22 04:30:00,2021-05-22 09:30:00,129.0,120.0,8.1,16,26.4,100,1014.4,0,-1,
2021-05-22 04:20:00,2021-05-22 09:20:00,130.0,124.0,9.4,19.5,26.5,100,1014.3,0,-1,
2021-05-22 04:10:00,2021-05-22 09:10:00,129.0,117.0,10.3,19.5,26.5,100,1014.1,0,-1,
2021-05-22 04:00:00,2021-05-22 09:00:00,128.0,132.0,9.7,18.9,26.5,100,1014.1,0,-1,
2021-05-22 03:50:00,2021-05-22 08:50:00,123.0,111.0,9.1,17.2,26.5,100,1014.1,0,-1,
2021-05-22 03:40:00,2021-05-22 08:40:00,130.0,112.0,7.9,15.4,26.5,100,1014.1,0,-0,
2021-05-22 03:30:00,2021-05-22 08:30:00,130.0,113.0,9.8,20.6,26.5,100,1014.1,0,-0,
2021-05-22 03:20:00,2021-05-22 08:20:00,127.0,125.0,10.3,22.9,26.4,100,1014.1,0,0,
2021-05-22 03:10:00,2021-05-22 08:10:00,129.0,124.0,9.6,16.6,26.3,100,1014.2,0,0,
2021-05-22 03:00:00,2021-05-22 08:00:00,126.0,124.0,11.1,23.5,26.4,100,1014.1,0,-1,
2021-05-22 02:50:00,2021-05-22 07:50:00,127.0,131.0,11.1,20.6,26.7,100,1014.1,0.25,-1,
2021-05-22 02:40:00,2021-05-22 07:40:00,123.0,108.0,12.6,22.9,26.6,100,1014.2,0,-0,
2021-05-22 02:30:00,2021-05-22 07:30:00,124.0,112.0,11.6,26.9,26.6,100,1014.3,0,-1,
2021-05-22 02:20:00,2021-05-22 07:20:00,125.0,114.0,11.5,18.9,26.7,100,1014.4,0,-0,
2021-05-22 02:10:00,2021-05-22 07:10:00,122.0,129.0,10.8,19.5,26.7,100,1014.5,0,0,
2021-05-22 02:00:00,2021-05-22 07:00:00,127.0,119.0,12,22.9,26.6,100,1014.6,0,0,
2021-05-22 01:50:00,2021-05-22 06:50:00,129.0,123.0,10.7,19.5,26.6,100,1014.7,0,0,
2021-05-22 01:40:00,2021-05-22 06:40:00,124.0,130.0,12.5,21.8,26.5,100,1014.8,0,0,
2021-05-22 01:30:00,2021-05-22 06:30:00,124.0,124.0,11.2,19.5,26.2,100,1015,0,1,
2021-05-22 01:20:00,2021-05-22 06:20:00,131.0,112.0,6.8,15.4,26,100,1015,0,-0,
2021-05-22 01:10:00,2021-05-22 06:10:00,134.0,127.0,7.5,15.4,26,100,1015,0,-1,
2021-05-22 01:00:00,2021-05-22 06:00:00,133.0,131.0,8.2,14.3,25.9,100,1015.1,0,-0,
2021-05-22 00:50:00,2021-05-22 05:50:00,130.0,143.0,8.4,14.3,25.9,100,1015.2,0,-0,
2021-05-22 00:40:00,2021-05-22 05:40:00,129.0,140.0,10.5,17.7,26,100,1015.3,0,-0,
2021-05-22 00:30:00,2021-05-22 05:30:00,136.0,134.0,9.7,15.4,26,100,1015.4,0,0,
2021-05-22 00:20:00,2021-05-22 05:20:00,130.0,120.0,11.6,20.6,25.9,100,1015.3,0,1,
2021-05-22 00:10:00,2021-05-22 05:10:00,126.0,115.0,13.5,25.2,25.8,100,1015.2,0,1,
2021-05-22 00:00:00,2021-05-22 05:00:00,118.0,115.0,17.4,29.8,25.8,100,1015,0,1,
2021-05-21 23:50:00,2021-05-22 04:50:00,115.0,116.0,18.2,33.9,25.9,100,1015,0,1,
2021-05-21 23:40:00,2021-05-22 04:40:00,113.0,117.0,14.5,22.9,25.7,100,1015,0,0,
2021-05-21 23:30:00,2021-05-22 04:30:00,106.0,101.0,13.1,18.9,25.5,100,1015.1,0,0,
2021-05-21 23:20:00,2021-05-22 04:20:00,108.0,108.0,13.8,20.6,25.3,100,1015.3,0,0,
2021-05-21 23:10:00,2021-05-22 04:10:00,105.0,111.0,14,22.3,25.1,100,1015.4,0,0,
2021-05-21 23:00:00,2021-05-22 04:00:00,105.0,107.0,15.8,23.5,24.7,100,1015.6,0,-0,
2021-05-21 22:50:00,2021-05-22 03:50:00,92.0,96.0,9.6,17.2,24.3,100,1015.8,0,-0,
2021-05-21 22:40:00,2021-05-22 03:40:00,79.0,69.0,7.2,9.1,24.2,100,1015.8,0,-0,
2021-05-21 22:30:00,2021-05-22 03:30:00,72.0,74.0,5.4,7.9,24.1,100,1015.9,0,-0,
2021-05-21 22:20:00,2021-05-22 03:20:00,65.0,68.0,1.9,4.5,23.9,100,1016.2,0,-0,
2021-05-21 22:10:00,2021-05-22 03:10:00,42.0,44.0,1.8,3.9,23.9,100,1016.3,0,-0,
2021-05-21 22:00:00,2021-05-22 03:00:00,53.0,47.0,4.4,6.2,23.9,100,1016.4,0,-1,
2021-05-21 21:50:00,2021-05-22 02:50:00,135.0,182.0,2.2,5.1,23.8,100,1016.5,0,-1,
2021-05-21 21:40:00,2021-05-22 02:40:00,225.0,179.0,2.7,5.6,23.9,100,1016.4,0,-1,
2021-05-21 21:30:00,2021-05-22 02:30:00,107.0,104.0,3.5,6.8,23.9,100,1016.4,0.25,-1,
2021-05-21 21:20:00,2021-05-22 02:20:00,236.0,250.0,2.8,5.1,24,100,1016,0.51,-0,
2021-05-21 21:10:00,2021-05-22 02:10:00,227.0,201.0,3.3,6.2,23.9,100,1015.9,0.25,-1,
2021-05-21 21:00:00,2021-05-22 02:00:00,215.0,222.0,5.7,10.2,23.9,100,1015.9,0,-1,
2021-05-21 20:50:00,2021-05-22 01:50:00,181.0,169.0,3.4,6.2,23.9,100,1016.1,0.51,-0,
2021-05-21 20:40:00,2021-05-22 01:40:00,183.0,227.0,5.6,10.8,23.9,100,1016,0.25,-0,
2021-05-21 20:30:00,2021-05-22 01:30:00,232.0,235.0,9,13.7,24,100,1015.8,0.76,-1,
2021-05-21 20:20:00,2021-05-22 01:20:00,230.0,260.0,9.5,16.6,24.3,100,1015.8,1.27,-0,
2021-05-21 20:10:00,2021-05-22 01:10:00,222.0,234.0,10.8,18.9,24.7,100,1015.7,0,-0,
2021-05-21 20:00:00,2021-05-22 01:00:00,228.0,198.0,8.7,14.9,24.9,97,1015.6,0.76,-1,
2021-05-21 19:50:00,2021-05-22 00:50:00,217.0,218.0,7.9,14.3,25,93,1015.4,0,-1,
2021-05-21 19:40:00,2021-05-22 00:40:00,211.0,224.0,8,15.4,25.1,92,1015.3,0,-1,
2021-05-21 19:30:00,2021-05-22 00:30:00,199.0,191.0,12.3,20,25.4,91,1015.2,0,-1,
2021-05-21 19:20:00,2021-05-22 00:20:00,186.0,184.0,13.2,21.2,26,88,1015.1,0,-3,
2021-05-21 19:10:00,2021-05-22 00:10:00,183.0,193.0,15.5,24.6,27.2,86,1014.9,0,-1,
2021-05-21 19:00:00,2021-05-22 00:00:00,123.0,115.0,15.2,24.1,27.8,88,1014.5,0,3,
2021-05-21 18:50:00,2021-05-21 23:50:00,121.0,111.0,18.2,28.7,27.8,89,1014.4,0,6,
2021-05-21 18:40:00,2021-05-21 23:40:00,121.0,117.0,18.5,27.5,27.9,89,1014.5,0,11,
2021-05-21 18:30:00,2021-05-21 23:30:00,125.0,109.0,16.9,30.4,27.8,89,1014.5,0,18,
2021-05-21 18:20:00,2021-05-21 23:20:00,122.0,111.0,18.1,29.2,27.8,89,1014.3,0,20,
2021-05-21 18:10:00,2021-05-21 23:10:00,123.0,121.0,15.3,32.7,27.9,90,1014.2,0,38,
2021-05-21 18:00:00,2021-05-21 23:00:00,117.0,107.0,17.7,29.8,27.9,89,1014,0,60,
2021-05-21 17:50:00,2021-05-21 22:50:00,113.0,118.0,18.1,27.5,28,89,1013.8,0,65,
2021-05-21 17:40:00,2021-05-21 22:40:00,115.0,129.0,20.3,31,28,89,1013.9,0,83,
2021-05-21 17:30:00,2021-05-21 22:30:00,114.0,109.0,20.4,31.6,28.1,89,1014.1,0,103,
2021-05-21 17:20:00,2021-05-21 22:20:00,117.0,111.0,20.1,33.3,28.1,89,1014.1,0,106,
2021-05-21 17:10:00,2021-05-21 22:10:00,113.0,109.0,22,32.1,28.3,88,1014.1,0,96,
2021-05-21 17:00:00,2021-05-21 22:00:00,120.0,106.0,19.3,29.2,28.5,87,1014.1,0,110,
2021-05-21 16:50:00,2021-05-21 21:50:00,120.0,118.0,17.2,27.5,28.6,88,1014,0,134,
2021-05-21 16:40:00,2021-05-21 21:40:00,115.0,120.0,17,24.6,28.6,88,1014,0,156,
2021-05-21 16:30:00,2021-05-21 21:30:00,115.0,116.0,17.7,27.5,28.8,88,1014,0,168,
2021-05-21 16:20:00,2021-05-21 21:20:00,120.0,117.0,16.3,28.1,29,86,1014,0,177,
2021-05-21 16:10:00,2021-05-21 21:10:00,125.0,117.0,16.6,28.1,29,83,1013.7,0,231,
2021-05-21 16:00:00,2021-05-21 21:00:00,129.0,106.0,15.2,29.2,29,83,1013.8,0,246,
2021-05-21 15:50:00,2021-05-21 20:50:00,129.0,119.0,17.6,31.6,29,82,1014,0,258,
2021-05-21 15:40:00,2021-05-21 20:40:00,127.0,116.0,16.4,27.5,28.8,86,1014,0,263,
2021-05-21 15:30:00,2021-05-21 20:30:00,116.0,119.0,18.5,29.8,28.7,91,1014.1,0,255,
2021-05-21 15:20:00,2021-05-21 20:20:00,116.0,100.0,18.4,29.2,28.4,94,1014.1,0,238,
2021-05-21 15:10:00,2021-05-21 20:10:00,121.0,126.0,15.5,25.2,28.2,95,1014.2,0,183,
2021-05-21 15:00:00,2021-05-21 20:00:00,114.0,110.0,15.8,26.9,27.7,94,1014.1,0,256,
2021-05-21 14:50:00,2021-05-21 19:50:00,119.0,103.0,9.3,23.5,27,94,1014.2,0,232,
2021-05-21 14:40:00,2021-05-21 19:40:00,119.0,107.0,10.7,17.2,26.6,90,1014.2,0,214,
2021-05-21 14:30:00,2021-05-21 19:30:00,121.0,144.0,18.3,26.4,27.8,82,1014.4,0,166,
2021-05-21 14:20:00,2021-05-21 19:20:00,123.0,122.0,20.3,36.2,28.9,80,1014.4,0,298,
2021-05-21 14:10:00,2021-05-21 19:10:00,115.0,109.0,22,33.9,28.8,78,1014.3,0,366,
2021-05-21 14:00:00,2021-05-21 19:00:00,115.0,109.0,24.5,39,28.9,79,1014.2,0,334,
2021-05-21 13:50:00,2021-05-21 18:50:00,126.0,121.0,21.4,36.7,30.7,75,1014.4,0,188,
2021-05-21 13:40:00,2021-05-21 18:40:00,127.0,129.0,15.9,25.8,31.6,73,1014.4,0,445,
2021-05-21 13:30:00,2021-05-21 18:30:00,134.0,116.0,17.1,28.7,32.1,70,1014.3,0,488,
2021-05-21 13:20:00,2021-05-21 18:20:00,131.0,122.0,17.6,28.7,32.4,69,1014.5,0,815,
2021-05-21 13:10:00,2021-05-21 18:10:00,129.0,115.0,19.4,31,32.3,68,1014.5,0,909,
2021-05-21 13:00:00,2021-05-21 18:00:00,137.0,120.0,18.7,29.8,32.3,69,1014.7,0,1046,
2021-05-21 12:50:00,2021-05-21 17:50:00,135.0,155.0,19.4,29.8,32.2,69,1014.8,0,899,
2021-05-21 12:40:00,2021-05-21 17:40:00,131.0,113.0,16.8,29.2,32.2,70,1014.7,0,897,
2021-05-21 12:30:00,2021-05-21 17:30:00,127.0,150.0,18.3,28.7,31.3,74,1014.7,0,892,
2021-05-21 12:20:00,2021-05-21 17:20:00,132.0,140.0,18.7,28.1,31.2,75,1014.7,0,589,
2021-05-21 12:10:00,2021-05-21 17:10:00,130.0,132.0,16.1,25.8,31.1,75,1014.8,0,914,
2021-05-21 12:00:00,2021-05-21 17:00:00,124.0,106.0,15.1,24.1,30.9,71,1015,0,451,
2021-05-21 11:50:00,2021-05-21 16:50:00,129.0,135.0,16.9,25.2,30,75,1015.2,0,1109,
2021-05-21 11:40:00,2021-05-21 16:40:00,130.0,107.0,18.2,33.3,31.4,71,1015.3,0,364,
2021-05-21 11:30:00,2021-05-21 16:30:00,130.0,113.0,16.3,27.5,31.7,72,1015.4,0,947,
2021-05-21 11:20:00,2021-05-21 16:20:00,129.0,120.0,16.3,22.9,31.7,73,1015.4,0,605,
2021-05-21 11:10:00,2021-05-21 16:10:00,128.0,123.0,13.8,21.2,31.6,75,1015.4,0,956,
2021-05-21 11:00:00,2021-05-21 16:00:00,135.0,141.0,14.9,22.3,31.4,73,1015.4,0,666,
2021-05-21 10:50:00,2021-05-21 15:50:00,130.0,131.0,14.7,22.9,31.1,72,1015.3,0,802,
2021-05-21 10:40:00,2021-05-21 15:40:00,129.0,123.0,14.1,21.8,30.2,72,1015.3,0,907,
2021-05-21 10:30:00,2021-05-21 15:30:00,133.0,148.0,13.6,21.8,29.3,78,1015.4,0,714,
2021-05-21 10:20:00,2021-05-21 15:20:00,131.0,152.0,15.8,26.4,30.5,77,1015.3,0,261,
2021-05-21 10:10:00,2021-05-21 15:10:00,128.0,113.0,15.7,24.6,31.9,71,1015.3,0,435,
2021-05-21 10:00:00,2021-05-21 15:00:00,134.0,152.0,14.9,24.6,32,71,1015.4,0,788,
2021-05-21 09:50:00,2021-05-21 14:50:00,128.0,104.0,18.5,29.8,31.4,72,1015.4,0,810,
2021-05-21 09:40:00,2021-05-21 14:40:00,131.0,168.0,15.7,25.2,30.7,75,1015.3,0,790,
2021-05-21 09:30:00,2021-05-21 14:30:00,128.0,144.0,17.7,26.4,30.3,75,1015.1,0,465,
2021-05-21 09:20:00,2021-05-21 14:20:00,138.0,151.0,16.8,25.8,30.3,76,1015.1,0,430,
2021-05-21 09:10:00,2021-05-21 14:10:00,122.0,119.0,17.6,26.9,30.4,77,1014.9,0,347,
2021-05-21 09:00:00,2021-05-21 14:00:00,131.0,117.0,15,28.1,30.9,75,1014.7,0,367,
2021-05-21 08:50:00,2021-05-21 13:50:00,122.0,114.0,17.1,28.7,30.7,77,1014.6,0,620,
2021-05-21 08:40:00,2021-05-21 13:40:00,135.0,145.0,14.3,21.8,30.1,79,1014.5,0,493,
2021-05-21 08:30:00,2021-05-21 13:30:00,136.0,155.0,11.6,19.5,29.3,83,1014.4,0,335,
2021-05-21 08:20:00,2021-05-21 13:20:00,125.0,110.0,13.2,20,28.9,84,1014.3,0,210,
2021-05-21 08:10:00,2021-05-21 13:10:00,118.0,120.0,16.7,26.9,28.7,84,1014,0,189,
2021-05-21 08:00:00,2021-05-21 13:00:00,125.0,123.0,15.3,27.5,28.5,85,1013.9,0,160,
2021-05-21 07:50:00,2021-05-21 12:50:00,123.0,127.0,16.5,25.2,28.4,86,1013.9,0,136,
2021-05-21 07:40:00,2021-05-21 12:40:00,127.0,107.0,14.9,27.5,28.2,87,1013.8,0,120,
2021-05-21 07:30:00,2021-05-21 12:30:00,124.0,124.0,15,25.2,28,88,1013.7,0,104,
2021-05-21 07:20:00,2021-05-21 12:20:00,127.0,130.0,13.3,22.3,27.8,89,1013.5,0,60,
2021-05-21 07:10:00,2021-05-21 12:10:00,122.0,117.0,13.2,21.2,27.7,91,1013.2,0,70,
2021-05-21 07:00:00,2021-05-21 12:00:00,125.0,115.0,10.8,20,27.6,90,1013.2,0,48,
2021-05-21 06:50:00,2021-05-21 11:50:00,123.0,119.0,12.7,24.1,27.6,90,1013,0,41,
2021-05-21 06:40:00,2021-05-21 11:40:00,120.0,111.0,14.1,23.5,27.5,92,1013,0,44,
2021-05-21 06:30:00,2021-05-21 11:30:00,125.0,115.0,10.8,22.3,27.4,94,1012.9,0,32,
2021-05-21 06:20:00,2021-05-21 11:20:00,123.0,113.0,10,16.6,27.2,94,1012.8,0,6,
2021-05-21 06:10:00,2021-05-21 11:10:00,124.0,106.0,13.6,22.3,27.2,93,1012.5,0,1,
2021-05-21 06:00:00,2021-05-21 11:00:00,124.0,115.0,13.6,22.9,27.1,93,1012.4,0,-1,
2021-05-21 05:50:00,2021-05-21 10:50:00,125.0,118.0,11.9,23.5,27,93,1012.3,0,-2,
2021-05-21 05:40:00,2021-05-21 10:40:00,121.0,116.0,17,26.9,27.1,93,1012,0,-2,
2021-05-21 05:30:00,2021-05-21 10:30:00,121.0,139.0,17.3,26.9,27.2,92,1011.8,0,-2,
2021-05-21 05:20:00,2021-05-21 10:20:00,124.0,126.0,18.1,29.8,27.3,92,1011.8,0,-2,
2021-05-21 05:10:00,2021-05-21 10:10:00,121.0,110.0,20.3,30.4,27.5,91,1011.9,0,-1,
2021-05-21 05:00:00,2021-05-21 10:00:00,124.0,130.0,18.4,29.2,27.5,91,1011.8,0,-1,
2021-05-21 04:50:00,2021-05-21 09:50:00,123.0,115.0,16.4,25.2,27.5,92,1011.8,0,-1,
2021-05-21 04:40:00,2021-05-21 09:40:00,121.0,112.0,15.7,28.7,27.5,92,1011.8,0,-1,
2021-05-21 04:30:00,2021-05-21 09:30:00,124.0,118.0,14.2,22.9,27.4,93,1011.9,0,-1,
2021-05-21 04:20:00,2021-05-21 09:20:00,123.0,117.0,14.5,25.2,27.5,93,1011.9,0,-1,
2021-05-21 04:10:00,2021-05-21 09:10:00,122.0,118.0,14.9,27.5,27.5,93,1011.9,0,-2,
2021-05-21 04:00:00,2021-05-21 09:00:00,124.0,119.0,13.5,22.3,27.5,93,1011.9,0,-2,
2021-05-21 03:50:00,2021-05-21 08:50:00,123.0,115.0,12.7,22.3,27.5,92,1012,0,-2,
2021-05-21 03:40:00,2021-05-21 08:40:00,126.0,118.0,12.1,27.5,27.4,92,1012.1,0,-1,
2021-05-21 03:30:00,2021-05-21 08:30:00,131.0,108.0,12,21.8,27.4,93,1012.2,0,-1,
2021-05-21 03:20:00,2021-05-21 08:20:00,131.0,128.0,11.1,19.5,27.4,93,1012.2,0,-2,
2021-05-21 03:10:00,2021-05-21 08:10:00,133.0,136.0,10.2,17.2,27.5,93,1012.5,0,-1,
2021-05-21 03:00:00,2021-05-21 08:00:00,131.0,145.0,12,22.9,27.4,95,1012.5,0,-1,
2021-05-21 02:50:00,2021-05-21 07:50:00,128.0,110.0,11.2,18.3,27.4,95,1012.4,0,-2,
2021-05-21 02:40:00,2021-05-21 07:40:00,125.0,107.0,12.3,22.3,27.4,95,1012.3,0,-1,
2021-05-21 02:30:00,2021-05-21 07:30:00,129.0,114.0,10.6,20,27.4,94,1012.4,0,-2,
2021-05-21 02:20:00,2021-05-21 07:20:00,123.0,132.0,9.1,15.4,27.4,94,1012.6,0,-1,
2021-05-21 02:10:00,2021-05-21 07:10:00,121.0,110.0,9.7,18.3,27.4,94,1012.7,0,-1,
2021-05-21 02:00:00,2021-05-21 07:00:00,127.0,114.0,7.5,14.9,27.4,94,1013,0,-1,
2021-05-21 01:50:00,2021-05-21 06:50:00,133.0,139.0,6.2,13.1,27.4,93,1013.2,0,-2,
2021-05-21 01:40:00,2021-05-21 06:40:00,132.0,123.0,6.8,14.9,27.4,93,1013.2,0,-2,
2021-05-21 01:30:00,2021-05-21 06:30:00,133.0,154.0,6.9,11.4,27.5,94,1013.3,0,-1,
2021-05-21 01:20:00,2021-05-21 06:20:00,132.0,131.0,6.5,10.8,27.5,93,1013.5,0,-2,
2021-05-21 01:10:00,2021-05-21 06:10:00,129.0,136.0,7.3,15.4,27.6,93,1013.7,0,-1,
2021-05-21 01:00:00,2021-05-21 06:00:00,129.0,125.0,8.3,16,27.5,93,1013.7,0,-1,
2021-05-21 00:50:00,2021-05-21 05:50:00,127.0,122.0,8.8,20.6,27.5,93,1013.7,0,-2,
2021-05-21 00:40:00,2021-05-21 05:40:00,134.0,108.0,6.5,12.5,27.5,93,1014,0,-2,
2021-05-21 00:30:00,2021-05-21 05:30:00,140.0,156.0,7.5,16,27.5,93,1014,0,-2,
2021-05-21 00:20:00,2021-05-21 05:20:00,140.0,153.0,8.1,16,27.6,93,1014,0,-2,
2021-05-21 00:10:00,2021-05-21 05:10:00,135.0,123.0,7.4,14.3,27.6,92,1013.9,0,-2,
2021-05-21 00:00:00,2021-05-21 05:00:00,130.0,117.0,9.3,17.2,27.6,93,1013.8,0,-2,
2021-05-20 23:50:00,2021-05-21 04:50:00,131.0,115.0,8.8,16,27.6,93,1013.6,0,-2,
2021-05-20 23:40:00,2021-05-21 04:40:00,134.0,153.0,9.1,16,27.6,93,1013.8,0,-2,
2021-05-20 23:30:00,2021-05-21 04:30:00,132.0,139.0,8.6,17.2,27.6,93,1013.8,0,-2,
2021-05-20 23:20:00,2021-05-21 04:20:00,134.0,127.0,9.5,15.4,27.6,93,1013.9,0,-2,
2021-05-20 23:10:00,2021-05-21 04:10:00,127.0,126.0,8.7,18.3,27.7,92,1014,0,-2,
2021-05-20 23:00:00,2021-05-21 04:00:00,124.0,115.0,9.5,17.2,27.7,92,1014,0,-2,
2021-05-20 22:50:00,2021-05-21 03:50:00,127.0,121.0,10.1,20,27.7,91,1014.1,0,-2,
2021-05-20 22:40:00,2021-05-21 03:40:00,130.0,128.0,7.7,12.5,27.8,90,1014.1,0,-2,
2021-05-20 22:30:00,2021-05-21 03:30:00,125.0,116.0,11.5,22.9,27.9,89,1014.1,0,-1,
2021-05-20 22:20:00,2021-05-21 03:20:00,134.0,127.0,12.4,18.9,27.9,89,1014.1,0,-2,
2021-05-20 22:10:00,2021-05-21 03:10:00,128.0,137.0,12.1,19.5,27.9,89,1013.9,0,-2,
2021-05-20 22:00:00,2021-05-21 03:00:00,126.0,111.0,11.5,20,27.9,89,1013.8,0,-2,
2021-05-20 21:50:00,2021-05-21 02:50:00,132.0,147.0,12.5,20.6,28,89,1013.8,0,-1,
2021-05-20 21:40:00,2021-05-21 02:40:00,134.0,128.0,9.9,18.9,27.9,89,1013.6,0,-2,
2021-05-20 21:30:00,2021-05-21 02:30:00,135.0,145.0,10.3,16,27.9,88,1013.7,0,-1,
2021-05-20 21:20:00,2021-05-21 02:20:00,135.0,136.0,9.2,16.6,27.9,89,1013.6,0,-1,
2021-05-20 21:10:00,2021-05-21 02:10:00,130.0,131.0,9.6,15.4,28,88,1013.3,0,-1,
2021-05-20 21:00:00,2021-05-21 02:00:00,134.0,132.0,11.8,19.5,28,89,1013.2,0,-1,
2021-05-20 20:50:00,2021-05-21 01:50:00,125.0,118.0,10.9,19.5,28,91,1013.1,0,-1,
2021-05-20 20:40:00,2021-05-21 01:40:00,134.0,141.0,8.9,15.4,27.9,91,1012.8,0,-1,
2021-05-20 20:30:00,2021-05-21 01:30:00,132.0,145.0,9,17.2,27.8,92,1012.6,0,-2,
2021-05-20 20:20:00,2021-05-21 01:20:00,124.0,161.0,9,16,28,91,1012.5,0,-1,
2021-05-20 20:10:00,2021-05-21 01:10:00,138.0,136.0,9.4,17.7,27.9,91,1012.3,0,-1,
2021-05-20 20:00:00,2021-05-21 01:00:00,135.0,124.0,9.1,16,27.9,89,1012.2,0,-2,
2021-05-20 19:50:00,2021-05-21 00:50:00,138.0,158.0,10.7,18.9,28,88,1012,0,-2,
2021-05-20 19:40:00,2021-05-21 00:40:00,135.0,147.0,8.4,15.4,28,87,1012,0,-2,
2021-05-20 19:30:00,2021-05-21 00:30:00,131.0,117.0,10.4,18.9,28.2,86,1011.9,0,-1,
2021-05-20 19:20:00,2021-05-21 00:20:00,131.0,154.0,11.7,19.5,28.3,85,1011.8,0,3,
2021-05-20 19:10:00,2021-05-21 00:10:00,132.0,148.0,11.6,20,28.5,83,1011.7,0,13,
2021-05-20 19:00:00,2021-05-21 00:00:00,136.0,128.0,12.4,24.6,28.7,81,1011.6,0,25,
2021-05-20 18:50:00,2021-05-20 23:50:00,138.0,150.0,14,22.3,28.9,80,1011.6,0,40,
2021-05-20 18:40:00,2021-05-20 23:40:00,139.0,148.0,14.6,26.4,29.2,78,1011.4,0,62,
2021-05-20 18:30:00,2021-05-20 23:30:00,136.0,165.0,13.9,24.6,29.4,77,1011.4,0,101,
2021-05-20 18:20:00,2021-05-20 23:20:00,143.0,151.0,13,22.3,29.4,77,1011.3,0,134,
2021-05-20 18:10:00,2021-05-20 23:10:00,143.0,160.0,16.1,26.9,29.6,76,1011.1,0,93,
2021-05-20 18:00:00,2021-05-20 23:00:00,137.0,155.0,13.2,22.9,30.1,76,1011.1,0,138,
2021-05-20 17:50:00,2021-05-20 22:50:00,136.0,131.0,13.6,21.8,30.4,76,1011,0,196,
2021-05-20 17:40:00,2021-05-20 22:40:00,143.0,133.0,16.2,28.1,30.4,76,1010.8,0,254,
2021-05-20 17:30:00,2021-05-20 22:30:00,139.0,162.0,16.8,28.1,30.5,75,1010.6,0,238,
2021-05-20 17:20:00,2021-05-20 22:20:00,147.0,163.0,19.7,32.7,30.8,74,1010.6,0,337,
2021-05-20 17:10:00,2021-05-20 22:10:00,144.0,150.0,18,30.4,31,74,1010.5,0,348,
2021-05-20 17:00:00,2021-05-20 22:00:00,153.0,158.0,17.2,28.1,31.2,76,1010.5,0,456,
2021-05-20 16:50:00,2021-05-20 21:50:00,150.0,160.0,15.7,26.4,31.2,75,1010.5,0,447,
2021-05-20 16:40:00,2021-05-20 21:40:00,147.0,153.0,14.5,31.6,31.5,74,1010.6,0,442,
2021-05-20 16:30:00,2021-05-20 21:30:00,153.0,153.0,18.2,29.8,31.7,73,1010.8,0,519,
2021-05-20 16:20:00,2021-05-20 21:20:00,158.0,158.0,16.6,29.2,31.9,71,1011,0,578,
2021-05-20 16:10:00,2021-05-20 21:10:00,157.0,142.0,14.9,25.2,32,71,1011.1,0,621,
2021-05-20 16:00:00,2021-05-20 21:00:00,156.0,140.0,18.8,29.2,31.5,71,1011.3,0,667,
2021-05-20 15:50:00,2021-05-20 20:50:00,164.0,166.0,17,28.1,31.5,71,1011.5,0,469,
2021-05-20 15:40:00,2021-05-20 20:40:00,152.0,168.0,15.3,27.5,30.7,73,1011.6,0,425,
2021-05-20 15:30:00,2021-05-20 20:30:00,153.0,159.0,15.1,25.2,31.3,70,1011.6,0,359,
2021-05-20 15:20:00,2021-05-20 20:20:00,154.0,154.0,18.9,27.5,31.8,69,1011.8,0,604,
2021-05-20 15:10:00,2021-05-20 20:10:00,148.0,155.0,14.4,25.8,31.1,73,1011.8,0,593,
2021-05-20 15:00:00,2021-05-20 20:00:00,153.0,164.0,18,28.1,30.6,72,1012,0,398,
2021-05-20 14:50:00,2021-05-20 19:50:00,150.0,153.0,17.4,27.5,30.6,73,1012.1,0,387,
2021-05-20 14:40:00,2021-05-20 19:40:00,159.0,181.0,16.6,27.5,31,72,1012.2,0,334,
2021-05-20 14:30:00,2021-05-20 19:30:00,154.0,157.0,16.5,28.7,31.4,70,1012.2,0,415,
2021-05-20 14:20:00,2021-05-20 19:20:00,159.0,151.0,20.3,30.4,31.7,69,1012.3,0,545,
2021-05-20 14:10:00,2021-05-20 19:10:00,158.0,168.0,18.8,33.9,32.4,66,1012.2,0,630,
2021-05-20 14:00:00,2021-05-20 19:00:00,151.0,165.0,15.2,31,32.4,67,1012.3,0,674,
2021-05-20 13:50:00,2021-05-20 18:50:00,152.0,151.0,15.8,23.5,31.7,67,1012.4,0,701,
2021-05-20 13:40:00,2021-05-20 18:40:00,141.0,155.0,11.5,22.3,30.5,65,1012.6,0,580,
2021-05-20 13:30:00,2021-05-20 18:30:00,136.0,140.0,12.8,20.6,28.8,68,1012.9,0,603,
2021-05-20 13:20:00,2021-05-20 18:20:00,141.0,142.0,12.9,25.2,27.8,85,1013,0,406,
2021-05-20 13:10:00,2021-05-20 18:10:00,138.0,142.0,14,24.1,27.3,92,1013,0,465,
2021-05-20 13:00:00,2021-05-20 18:00:00,148.0,142.0,17.1,29.8,27.6,86,1013.1,0.25,441,
2021-05-20 12:50:00,2021-05-20 17:50:00,156.0,157.0,18.9,41.3,29.3,77,1013.1,0,242,
2021-05-20 12:40:00,2021-05-20 17:40:00,179.0,181.0,15.2,25.2,29.1,74,1013.1,0,364,
2021-05-20 12:30:00,2021-05-20 17:30:00,182.0,187.0,16.6,34.4,30.2,72,1013.2,0,233,
2021-05-20 12:20:00,2021-05-20 17:20:00,137.0,135.0,14.7,30.4,31.5,71,1013.1,0,337,
2021-05-20 12:10:00,2021-05-20 17:10:00,138.0,147.0,16.6,26.4,32,69,1013.1,0,556,
2021-05-20 12:00:00,2021-05-20 17:00:00,135.0,109.0,15.2,26.4,31.4,71,1013.1,0,863,
2021-05-20 11:50:00,2021-05-20 16:50:00,142.0,144.0,18,28.1,30.6,74,1013.1,0,503,
2021-05-20 11:40:00,2021-05-20 16:40:00,146.0,163.0,16.7,28.1,30.7,73,1013.2,0,377,
2021-05-20 11:30:00,2021-05-20 16:30:00,152.0,159.0,17.6,27.5,31,71,1013.3,0,376,
2021-05-20 11:20:00,2021-05-20 16:20:00,146.0,146.0,18.2,30.4,31.4,69,1013.3,0,474,
2021-05-20 11:10:00,2021-05-20 16:10:00,150.0,157.0,14.7,25.8,31.4,71,1013.3,0,555,
2021-05-20 11:00:00,2021-05-20 16:00:00,149.0,155.0,16.6,28.7,31,72,1013.1,0,609,
2021-05-20 10:50:00,2021-05-20 15:50:00,144.0,164.0,16.7,28.1,30.8,72,1013,0,470,
2021-05-20 10:40:00,2021-05-20 15:40:00,147.0,153.0,18.1,29.8,30.8,71,1012.9,0,459,
2021-05-20 10:30:00,2021-05-20 15:30:00,148.0,146.0,19.2,33.3,31.1,70,1012.8,0,506,
2021-05-20 10:20:00,2021-05-20 15:20:00,143.0,137.0,16.8,31.6,30.9,70,1012.6,0,539,
2021-05-20 10:10:00,2021-05-20 15:10:00,148.0,165.0,17.6,31,31,70,1012.6,0,561,
2021-05-20 10:00:00,2021-05-20 15:00:00,147.0,152.0,18.1,31,30.5,73,1012.5,0,585,
2021-05-20 09:50:00,2021-05-20 14:50:00,135.0,147.0,16.4,29.2,30.5,73,1012.4,0,438,
2021-05-20 09:40:00,2021-05-20 14:40:00,145.0,145.0,19,29.2,31,71,1012.4,0,431,
2021-05-20 09:30:00,2021-05-20 14:30:00,149.0,162.0,20.2,32.1,31.2,69,1012.4,0,768,
2021-05-20 09:20:00,2021-05-20 14:20:00,144.0,157.0,18.5,32.7,30.9,71,1012.4,0,731,
2021-05-20 09:10:00,2021-05-20 14:10:00,134.0,135.0,17.1,24.6,30.5,73,1012.3,0,602,
2021-05-20 09:00:00,2021-05-20 14:00:00,134.0,132.0,16,27.5,30,76,1012.1,0,560,
2021-05-20 08:50:00,2021-05-20 13:50:00,132.0,122.0,16.1,26.4,29.3,82,1012,0,557,
2021-05-20 08:40:00,2021-05-20 13:40:00,137.0,117.0,13.6,24.6,28.3,88,1012,0,433,
2021-05-20 08:30:00,2021-05-20 13:30:00,140.0,155.0,16.4,32.7,27.8,92,1011.9,0,253,
2021-05-20 08:20:00,2021-05-20 13:20:00,148.0,148.0,15.8,27.5,27.2,96,1011.7,0,253,
2021-05-20 08:10:00,2021-05-20 13:10:00,149.0,139.0,17.8,26.9,26.9,99,1011.5,0,199,
2021-05-20 08:00:00,2021-05-20 13:00:00,148.0,157.0,14.8,24.6,27.1,94,1011.5,0,124,
2021-05-20 07:50:00,2021-05-20 12:50:00,148.0,157.0,18.5,31.6,28.5,85,1011.3,0.25,52,
2021-05-20 07:40:00,2021-05-20 12:40:00,146.0,148.0,17.3,28.1,28.8,83,1011,0,116,
2021-05-20 07:30:00,2021-05-20 12:30:00,154.0,159.0,17.6,26.9,28.6,84,1010.9,0,227,
2021-05-20 07:20:00,2021-05-20 12:20:00,149.0,150.0,17.6,29.2,28,84,1010.9,0,146,
2021-05-20 07:10:00,2021-05-20 12:10:00,147.0,161.0,17.6,29.2,28,83,1010.9,0,63,
2021-05-20 07:00:00,2021-05-20 12:00:00,147.0,165.0,18.7,29.8,28,83,1010.8,0,83,
2021-05-20 06:50:00,2021-05-20 11:50:00,151.0,166.0,21.1,33.9,27.8,84,1010.6,0,64,
2021-05-20 06:40:00,2021-05-20 11:40:00,147.0,156.0,18.2,30.4,27.7,85,1010.7,0,42,
2021-05-20 06:30:00,2021-05-20 11:30:00,146.0,146.0,16.4,30.4,27.5,87,1010.7,0,17,
2021-05-20 06:20:00,2021-05-20 11:20:00,147.0,164.0,17.2,26.9,27.5,87,1010.7,0,7,
2021-05-20 06:10:00,2021-05-20 11:10:00,153.0,156.0,18.9,29.8,27.5,86,1010.6,0,0,
2021-05-20 06:00:00,2021-05-20 11:00:00,151.0,158.0,18.2,28.1,27.5,86,1010.5,0,-1,
2021-05-20 05:50:00,2021-05-20 10:50:00,156.0,155.0,18.8,28.7,27.6,86,1010.5,0,-2,
2021-05-20 05:40:00,2021-05-20 10:40:00,159.0,170.0,17.2,27.5,27.7,86,1010.5,0,-2,
2021-05-20 05:30:00,2021-05-20 10:30:00,158.0,159.0,18.8,30.4,27.7,85,1010.3,0,-2,
2021-05-20 05:20:00,2021-05-20 10:20:00,161.0,162.0,18.6,30.4,27.7,87,1010.4,0,-2,
2021-05-20 05:10:00,2021-05-20 10:10:00,152.0,159.0,16.7,30.4,27.7,89,1010.6,0,-1,
2021-05-20 05:00:00,2021-05-20 10:00:00,160.0,163.0,16.1,26.9,27.7,90,1010.5,0,-1,
2021-05-20 04:50:00,2021-05-20 09:50:00,150.0,165.0,16.1,26.9,27.7,89,1010.4,0,-1,
2021-05-20 04:40:00,2021-05-20 09:40:00,153.0,157.0,17.1,27.5,27.7,89,1010.4,0,-1,
2021-05-20 04:30:00,2021-05-20 09:30:00,154.0,158.0,17,26.4,27.6,89,1010.5,0,-1,
2021-05-20 04:20:00,2021-05-20 09:20:00,148.0,149.0,15.5,25.8,27.6,88,1010.3,0,-2,
2021-05-20 04:10:00,2021-05-20 09:10:00,150.0,158.0,17.4,30.4,27.6,89,1010.2,0,-1,
2021-05-20 04:00:00,2021-05-20 09:00:00,156.0,162.0,17.3,32.7,27.6,88,1010.2,0,-1,
2021-05-20 03:50:00,2021-05-20 08:50:00,152.0,145.0,15.9,26.9,27.6,88,1010.1,0,-2,
2021-05-20 03:40:00,2021-05-20 08:40:00,149.0,156.0,17,26.4,27.5,90,1010.1,0,-1,
2021-05-20 03:30:00,2021-05-20 08:30:00,157.0,152.0,16.2,26.4,27.4,94,1010.2,0,-1,
2021-05-20 03:20:00,2021-05-20 08:20:00,155.0,154.0,13.5,29.2,27.3,96,1010.3,0,-1,
2021-05-20 03:10:00,2021-05-20 08:10:00,160.0,164.0,15.8,26.9,27.3,96,1010.4,0,-2,
2021-05-20 03:00:00,2021-05-20 08:00:00,154.0,154.0,15.8,26.9,27.2,96,1010.6,0,-1,
2021-05-20 02:50:00,2021-05-20 07:50:00,153.0,155.0,11.4,24.6,27.3,95,1010.7,0,-2,
2021-05-20 02:40:00,2021-05-20 07:40:00,161.0,165.0,14.8,30.4,27.2,95,1010.8,0,-2,
2021-05-20 02:30:00,2021-05-20 07:30:00,154.0,158.0,16.3,25.8,27.2,96,1010.9,0,-2,
2021-05-20 02:20:00,2021-05-20 07:20:00,153.0,159.0,15,25.8,27.3,95,1011,0,-2,
2021-05-20 02:10:00,2021-05-20 07:10:00,151.0,157.0,17.2,28.1,27.5,92,1011,0,-2,
2021-05-20 02:00:00,2021-05-20 07:00:00,147.0,148.0,14.8,29.8,27.6,89,1011.1,0,-1,
2021-05-20 01:50:00,2021-05-20 06:50:00,146.0,145.0,14.8,27.5,27.7,91,1011.2,0,-1,
2021-05-20 01:40:00,2021-05-20 06:40:00,147.0,150.0,15,25.2,27.8,90,1011.2,0,-1,
2021-05-20 01:30:00,2021-05-20 06:30:00,151.0,163.0,16.9,28.7,27.7,90,1011.1,0,-1,
2021-05-20 01:20:00,2021-05-20 06:20:00,148.0,154.0,15.8,24.6,27.7,89,1011.2,0,-1,
2021-05-20 01:10:00,2021-05-20 06:10:00,148.0,159.0,18.1,30.4,27.6,90,1011.3,0,-1,
2021-05-20 01:00:00,2021-05-20 06:00:00,142.0,154.0,14.8,26.4,27.5,91,1011.2,0,-1,
2021-05-20 00:50:00,2021-05-20 05:50:00,145.0,148.0,15,26.9,27.5,92,1011.3,0,-1,
2021-05-20 00:40:00,2021-05-20 05:40:00,149.0,155.0,17.1,31.6,27.3,96,1011.5,0,-0,
2021-05-20 00:30:00,2021-05-20 05:30:00,145.0,167.0,14.6,25.2,27.2,100,1011.6,0,0,
2021-05-20 00:20:00,2021-05-20 05:20:00,145.0,159.0,13.7,21.8,27.1,100,1011.6,0,0,
2021-05-20 00:10:00,2021-05-20 05:10:00,145.0,144.0,12,19.5,27.2,97,1011.4,0,-0,
2021-05-20 00:00:00,2021-05-20 05:00:00,147.0,162.0,15.6,29.2,27.6,91,1011.3,0,-3,
2021-05-19 23:50:00,2021-05-20 04:50:00,140.0,146.0,14.1,28.1,27.9,91,1011.3,0,-1,
2021-05-19 23:40:00,2021-05-20 04:40:00,140.0,149.0,12.5,22.3,27.9,90,1011.4,0,-1,
2021-05-19 23:30:00,2021-05-20 04:30:00,139.0,156.0,12.3,24.6,27.9,90,1011.5,0,-1,
2021-05-19 23:20:00,2021-05-20 04:20:00,141.0,162.0,14,26.4,27.9,90,1011.5,0,-1,
2021-05-19 23:10:00,2021-05-20 04:10:00,142.0,161.0,12.4,21.8,28,90,1011.4,0,-1,
2021-05-19 23:00:00,2021-05-20 04:00:00,144.0,153.0,13.8,25.2,27.9,90,1011.5,0,-1,
2021-05-19 22:50:00,2021-05-20 03:50:00,150.0,166.0,14.3,22.9,27.9,90,1011.6,0,-1,
2021-05-19 22:40:00,2021-05-20 03:40:00,148.0,158.0,13.2,25.8,28,90,1011.5,0,-1,
2021-05-19 22:30:00,2021-05-20 03:30:00,142.0,155.0,11.3,22.3,28,91,1011.4,0,-1,
2021-05-19 22:20:00,2021-05-20 03:20:00,140.0,148.0,11.6,19.5,28,89,1011.3,0,-1,
2021-05-19 22:10:00,2021-05-20 03:10:00,143.0,156.0,14.4,24.6,28.1,88,1011.1,0,-1,
2021-05-19 22:00:00,2021-05-20 03:00:00,146.0,137.0,14.7,28.1,28.1,88,1011,0,-1,
2021-05-19 21:50:00,2021-05-20 02:50:00,143.0,157.0,12.3,22.9,28.2,87,1011.1,0,-1,
2021-05-19 21:40:00,2021-05-20 02:40:00,151.0,158.0,15.6,25.2,28.2,86,1011.1,0,-1,
2021-05-19 21:30:00,2021-05-20 02:30:00,147.0,144.0,13.5,24.1,28.1,86,1010.9,0,-1,
2021-05-19 21:20:00,2021-05-20 02:20:00,146.0,157.0,13.4,22.9,28.1,86,1010.7,0,-1,
2021-05-19 21:10:00,2021-05-20 02:10:00,143.0,160.0,13.8,24.1,28.1,87,1010.6,0,-2,
2021-05-19 21:00:00,2021-05-20 02:00:00,148.0,151.0,14.7,24.6,28.1,86,1010.6,0,-1,
2021-05-19 20:50:00,2021-05-20 01:50:00,146.0,157.0,13.3,21.8,28.1,86,1010.5,0,-1,
2021-05-19 20:40:00,2021-05-20 01:40:00,146.0,151.0,13.8,23.5,28.1,87,1010.5,0,-1,
2021-05-19 20:30:00,2021-05-20 01:30:00,149.0,134.0,15.7,27.5,28.1,88,1010.3,0,-2,
2021-05-19 20:20:00,2021-05-20 01:20:00,149.0,154.0,14.3,23.5,28.2,88,1010.4,0,-1,
2021-05-19 20:10:00,2021-05-20 01:10:00,150.0,163.0,12.6,20,28.2,88,1010.3,0,-1,
2021-05-19 20:00:00,2021-05-20 01:00:00,147.0,153.0,12.6,21.8,28.2,86,1010.4,0,-1,
2021-05-19 19:50:00,2021-05-20 00:50:00,153.0,159.0,15.3,25.2,28.2,85,1010.3,0,-1,
2021-05-19 19:40:00,2021-05-20 00:40:00,153.0,161.0,15,22.3,28.3,85,1010.2,0,-1,
2021-05-19 19:30:00,2021-05-20 00:30:00,154.0,189.0,14.2,25.2,28.3,85,1010.2,0,-0,
2021-05-19 19:20:00,2021-05-20 00:20:00,153.0,124.0,14.6,22.9,28.4,84,1010.2,0,4,
2021-05-19 19:10:00,2021-05-20 00:10:00,159.0,156.0,15,26.4,28.5,83,1010.1,0,14,
2021-05-19 19:00:00,2021-05-20 00:00:00,152.0,166.0,14.9,26.4,28.5,83,1010.1,0,26,
2021-05-19 18:50:00,2021-05-19 23:50:00,152.0,159.0,13.7,23.5,28.6,83,1010.1,0,40,
2021-05-19 18:40:00,2021-05-19 23:40:00,151.0,156.0,13.5,24.6,28.6,82,1010,0,48,
2021-05-19 18:30:00,2021-05-19 23:30:00,153.0,157.0,15,24.1,28.8,80,1010,0,49,
2021-05-19 18:20:00,2021-05-19 23:20:00,159.0,156.0,18.5,28.1,29.2,77,1010,0,56,
2021-05-19 18:10:00,2021-05-19 23:10:00,159.0,176.0,19.4,30.4,29.7,74,1010,0,89,
2021-05-19 18:00:00,2021-05-19 23:00:00,159.0,164.0,17.4,27.5,30.3,74,1009.9,0,191,
2021-05-19 17:50:00,2021-05-19 22:50:00,145.0,159.0,13.3,25.2,30.8,73,1009.9,0,244,
2021-05-19 17:40:00,2021-05-19 22:40:00,151.0,149.0,13.6,26.4,30.8,75,1009.9,0,303,
2021-05-19 17:30:00,2021-05-19 22:30:00,154.0,155.0,16.4,23.5,30.7,75,1009.8,0,307,
2021-05-19 17:20:00,2021-05-19 22:20:00,157.0,163.0,16,26.4,31.1,74,1009.9,0,440,
2021-05-19 17:10:00,2021-05-19 22:10:00,161.0,152.0,17.4,26.4,30.4,76,1009.9,0,529,
2021-05-19 17:00:00,2021-05-19 22:00:00,159.0,172.0,17.1,26.9,30.3,76,1009.9,0,346,
2021-05-19 16:50:00,2021-05-19 21:50:00,153.0,159.0,15,25.8,30,75,1010,0,388,
2021-05-19 16:40:00,2021-05-19 21:40:00,157.0,165.0,15.2,24.6,29.7,76,1010,0,263,
2021-05-19 16:30:00,2021-05-19 21:30:00,155.0,159.0,17,31,30,77,1010,0,378,
2021-05-19 16:20:00,2021-05-19 21:20:00,148.0,152.0,19,36.2,30.7,75,1010,0,357,
2021-05-19 16:10:00,2021-05-19 21:10:00,138.0,135.0,15.8,25.8,31.8,71,1010,0,294,
2021-05-19 16:00:00,2021-05-19 21:00:00,143.0,149.0,15.9,27.5,32.7,65,1010,0,498,
2021-05-19 15:50:00,2021-05-19 20:50:00,140.0,149.0,15.4,25.2,32.3,66,1010.1,0,313,
2021-05-19 15:40:00,2021-05-19 20:40:00,138.0,168.0,17.8,31,32.1,70,1010.1,0,328,
2021-05-19 15:30:00,2021-05-19 20:30:00,147.0,165.0,17.9,31.6,32,71,1010.2,0,425,
2021-05-19 15:20:00,2021-05-19 20:20:00,152.0,164.0,19.8,29.2,32.2,69,1010.2,0,692,
2021-05-19 15:10:00,2021-05-19 20:10:00,139.0,161.0,16,28.1,32.3,70,1010.3,0,612,
2021-05-19 15:00:00,2021-05-19 20:00:00,141.0,150.0,14.8,23.5,32.7,68,1010.4,0,530,
2021-05-19 14:50:00,2021-05-19 19:50:00,141.0,153.0,14,25.8,32.7,67,1010.6,0,552,
2021-05-19 14:40:00,2021-05-19 19:40:00,147.0,145.0,15.8,31,32.6,68,1010.7,0,730,
2021-05-19 14:30:00,2021-05-19 19:30:00,142.0,158.0,16,26.9,32.3,68,1010.8,0,620,
2021-05-19 14:20:00,2021-05-19 19:20:00,152.0,163.0,17.6,31.6,31.8,71,1010.9,0,666,
2021-05-19 14:10:00,2021-05-19 19:10:00,147.0,141.0,14.8,25.8,30.6,78,1011,0,550,
2021-05-19 14:00:00,2021-05-19 19:00:00,148.0,160.0,16.3,26.4,30.1,79,1011,0,330,
2021-05-19 13:50:00,2021-05-19 18:50:00,141.0,155.0,14.2,24.6,30.5,77,1011.2,0,196,
2021-05-19 13:40:00,2021-05-19 18:40:00,131.0,120.0,16.3,27.5,31.8,71,1011.3,0,244,
2021-05-19 13:30:00,2021-05-19 18:30:00,143.0,166.0,17,29.8,32.8,67,1011.2,0,575,
2021-05-19 13:20:00,2021-05-19 18:20:00,142.0,161.0,17.5,29.2,33.2,67,1011.4,0,925,
2021-05-19 13:10:00,2021-05-19 18:10:00,141.0,142.0,16.4,25.2,33.1,67,1011.5,0,1079,
2021-05-19 13:00:00,2021-05-19 18:00:00,148.0,164.0,16.6,26.9,32.9,67,1011.5,0,1067,
2021-05-19 12:50:00,2021-05-19 17:50:00,138.0,131.0,16.4,26.4,32.5,67,1011.5,0,1070,
2021-05-19 12:40:00,2021-05-19 17:40:00,141.0,170.0,17,28.7,32.4,67,1011.5,0,903,
2021-05-19 12:30:00,2021-05-19 17:30:00,148.0,160.0,19,30.4,32.6,66,1011.6,0,1010,
2021-05-19 12:20:00,2021-05-19 17:20:00,144.0,163.0,17.3,30.4,32.3,68,1011.7,0,1019,
2021-05-19 12:10:00,2021-05-19 17:10:00,149.0,162.0,19.4,31,32.4,68,1011.8,0,1039,
2021-05-19 12:00:00,2021-05-19 17:00:00,140.0,153.0,17.1,31.6,32.3,68,1012,0,1047,
2021-05-19 11:50:00,2021-05-19 16:50:00,153.0,161.0,17.9,27.5,31.9,70,1012,0,929,
2021-05-19 11:40:00,2021-05-19 16:40:00,156.0,155.0,17.1,28.7,31.7,71,1012.1,0,978,
2021-05-19 11:30:00,2021-05-19 16:30:00,153.0,149.0,16.5,26.9,31.3,73,1012.3,0,734,
2021-05-19 11:20:00,2021-05-19 16:20:00,151.0,184.0,16.6,27.5,31.2,73,1012.3,0,502,
2021-05-19 11:10:00,2021-05-19 16:10:00,154.0,158.0,18.3,31,30.8,76,1012.3,0,735,
2021-05-19 11:00:00,2021-05-19 16:00:00,156.0,165.0,18.5,31.6,30.3,79,1012.2,0,489,
2021-05-19 10:50:00,2021-05-19 15:50:00,154.0,159.0,19.5,29.2,30.5,79,1012.1,0,382,
2021-05-19 10:40:00,2021-05-19 15:40:00,161.0,159.0,18.9,29.8,29.3,88,1012,0,671,
2021-05-19 10:30:00,2021-05-19 15:30:00,137.0,163.0,11.4,24.6,28.9,85,1012,0,145,
2021-05-19 10:20:00,2021-05-19 15:20:00,147.0,147.0,16.5,29.8,29.5,80,1012,0,165,
2021-05-19 10:10:00,2021-05-19 15:10:00,141.0,156.0,18.7,34.4,30.9,74,1011.8,0,219,
2021-05-19 10:00:00,2021-05-19 15:00:00,147.0,161.0,18.5,29.8,31.4,73,1011.6,0,584,
2021-05-19 09:50:00,2021-05-19 14:50:00,145.0,160.0,17.9,30.4,31.5,73,1011.6,0,689,
2021-05-19 09:40:00,2021-05-19 14:40:00,149.0,159.0,18.5,35,30.8,76,1011.7,0,694,
2021-05-19 09:30:00,2021-05-19 14:30:00,139.0,152.0,16.1,28.1,30.3,78,1011.6,0,506,
2021-05-19 09:20:00,2021-05-19 14:20:00,145.0,136.0,16.7,28.1,30.1,78,1011.5,0,439,
2021-05-19 09:10:00,2021-05-19 14:10:00,142.0,157.0,18.7,28.7,30.3,77,1011.4,0,238,
2021-05-19 09:00:00,2021-05-19 14:00:00,144.0,130.0,16.2,29.8,30.8,74,1011.3,0,441,
2021-05-19 08:50:00,2021-05-19 13:50:00,144.0,153.0,16.5,29.2,30,78,1011.2,0,536,
2021-05-19 08:40:00,2021-05-19 13:40:00,151.0,157.0,18.1,28.1,29.9,77,1011.2,0,276,
2021-05-19 08:30:00,2021-05-19 13:30:00,154.0,162.0,18.4,29.2,30.4,75,1011.3,0,346,
2021-05-19 08:20:00,2021-05-19 13:20:00,150.0,158.0,17.2,26.9,30.3,76,1011.3,0,428,
2021-05-19 08:10:00,2021-05-19 13:10:00,149.0,166.0,17,27.5,30,76,1011.1,0,368,
2021-05-19 08:00:00,2021-05-19 13:00:00,148.0,152.0,14,25.8,29.8,79,1011.1,0,320,
2021-05-19 07:50:00,2021-05-19 12:50:00,145.0,165.0,16,25.8,29.1,81,1011.2,0,300,
2021-05-19 07:40:00,2021-05-19 12:40:00,151.0,158.0,15.9,27.5,28.9,81,1011,0,201,
2021-05-19 07:30:00,2021-05-19 12:30:00,156.0,166.0,17.1,26.9,28.5,83,1010.9,0,186,
2021-05-19 07:20:00,2021-05-19 12:20:00,155.0,165.0,17,26.4,28.4,83,1010.9,0,129,
2021-05-19 07:10:00,2021-05-19 12:10:00,159.0,157.0,14.1,24.6,28.4,84,1010.7,0,114,
2021-05-19 07:00:00,2021-05-19 12:00:00,155.0,142.0,18.5,29.8,28.3,84,1010.4,0,119,
2021-05-19 06:50:00,2021-05-19 11:50:00,157.0,149.0,16.1,26.4,28,87,1010.3,0,114,
2021-05-19 06:40:00,2021-05-19 11:40:00,158.0,160.0,16.6,26.4,27.6,90,1010.2,0,71,
2021-05-19 06:30:00,2021-05-19 11:30:00,156.0,153.0,16,24.6,27.3,94,1010.2,0,41,
2021-05-19 06:20:00,2021-05-19 11:20:00,152.0,138.0,14.1,22.9,27.2,94,1010.1,0,10,
2021-05-19 06:10:00,2021-05-19 11:10:00,150.0,145.0,12.1,22.3,27.2,93,1010.1,0,2,
2021-05-19 06:00:00,2021-05-19 11:00:00,151.0,153.0,13.9,27.5,27.2,93,1010.1,0,-1,
2021-05-19 05:50:00,2021-05-19 10:50:00,153.0,160.0,13.9,25.8,27.2,93,1010,0,-2,
2021-05-19 05:40:00,2021-05-19 10:40:00,150.0,165.0,13.9,24.6,27.2,94,1009.9,0,-2,
2021-05-19 05:30:00,2021-05-19 10:30:00,149.0,160.0,14,24.1,27.2,93,1009.9,0,-1,
2021-05-19 05:20:00,2021-05-19 10:20:00,158.0,164.0,13.8,21.2,27.1,94,1010,0,-2,
2021-05-19 05:10:00,2021-05-19 10:10:00,156.0,169.0,12.7,21.2,27.1,94,1010,0,-2,
2021-05-19 05:00:00,2021-05-19 10:00:00,159.0,163.0,12.7,20.6,27.2,93,1010.1,0,-2,
2021-05-19 04:50:00,2021-05-19 09:50:00,159.0,157.0,13.9,23.5,27.1,93,1010.1,0,-1,
2021-05-19 04:40:00,2021-05-19 09:40:00,160.0,167.0,12.8,19.5,27,93,1010.1,0,-2,
2021-05-19 04:30:00,2021-05-19 09:30:00,156.0,158.0,12,17.2,27.1,92,1010,0,-2,
2021-05-19 04:20:00,2021-05-19 09:20:00,158.0,156.0,13.6,21.2,27.2,90,1010,0,-3,
2021-05-19 04:10:00,2021-05-19 09:10:00,160.0,174.0,14.2,21.8,27.3,91,1010.1,0,-2,
2021-05-19 04:00:00,2021-05-19 09:00:00,160.0,159.0,13.4,22.9,27.4,91,1010.2,0,-2,
2021-05-19 03:50:00,2021-05-19 08:50:00,158.0,162.0,14,22.3,27.3,93,1010.2,0,-1,
2021-05-19 03:40:00,2021-05-19 08:40:00,161.0,152.0,11.8,18.9,27.2,93,1010.1,0,-2,
2021-05-19 03:30:00,2021-05-19 08:30:00,159.0,169.0,13.1,22.3,27.3,91,1010.1,0,-2,
2021-05-19 03:20:00,2021-05-19 08:20:00,157.0,168.0,12.6,19.5,27.3,91,1010.1,0,-1,
2021-05-19 03:10:00,2021-05-19 08:10:00,158.0,156.0,13.9,23.5,27.1,93,1010.1,0,-1,
2021-05-19 03:00:00,2021-05-19 08:00:00,159.0,156.0,10.5,21.8,27,94,1010.3,0,-2,
2021-05-19 02:50:00,2021-05-19 07:50:00,165.0,151.0,9.1,16,27,94,1010.5,0,-2,
2021-05-19 02:40:00,2021-05-19 07:40:00,169.0,171.0,9.4,14.9,27.1,91,1010.4,0,-2,
2021-05-19 02:30:00,2021-05-19 07:30:00,164.0,160.0,13.3,21.2,27.3,89,1010.4,0,-2,
2021-05-19 02:20:00,2021-05-19 07:20:00,163.0,158.0,14.3,21.8,27.4,89,1010.5,0,-2,
2021-05-19 02:10:00,2021-05-19 07:10:00,169.0,155.0,14.6,21.8,27.4,90,1010.6,0,-1,
2021-05-19 02:00:00,2021-05-19 07:00:00,159.0,154.0,14.1,21.2,27.2,91,1010.6,0,-1,
2021-05-19 01:50:00,2021-05-19 06:50:00,159.0,166.0,14.9,24.1,27,93,1010.7,0,-1,
2021-05-19 01:40:00,2021-05-19 06:40:00,162.0,167.0,13.4,21.2,26.6,98,1010.6,0,-1,
2021-05-19 01:30:00,2021-05-19 06:30:00,156.0,159.0,12.3,20.6,26.3,100,1010.6,0,-2,
2021-05-19 01:20:00,2021-05-19 06:20:00,138.0,127.0,8,12.5,26.2,99,1010.6,0,-2,
2021-05-19 01:10:00,2021-05-19 06:10:00,134.0,120.0,9.8,18.3,26.4,97,1010.8,0,-1,
2021-05-19 01:00:00,2021-05-19 06:00:00,133.0,131.0,10.3,17.2,26.4,94,1011,0,-1,
2021-05-19 00:50:00,2021-05-19 05:50:00,145.0,141.0,9.4,21.8,26.8,91,1010.9,0,-3,
2021-05-19 00:40:00,2021-05-19 05:40:00,138.0,121.0,14.3,26.4,27.6,92,1011,0,-2,
2021-05-19 00:30:00,2021-05-19 05:30:00,138.0,152.0,12.6,21.2,27.7,93,1011.1,0,-2,
2021-05-19 00:20:00,2021-05-19 05:20:00,137.0,170.0,9.9,16,27.6,92,1011.2,0,-1,
2021-05-19 00:10:00,2021-05-19 05:10:00,143.0,144.0,11.8,20,27.6,92,1011.4,0,-2,
2021-05-19 00:00:00,2021-05-19 05:00:00,139.0,132.0,10.6,18.3,27.7,92,1011.6,0,-2,
2021-05-18 23:50:00,2021-05-19 04:50:00,145.0,136.0,13.4,24.1,27.7,92,1011.7,0,-2,
2021-05-18 23:40:00,2021-05-19 04:40:00,142.0,152.0,12.3,21.2,27.7,91,1011.7,0,-2,
2021-05-18 23:30:00,2021-05-19 04:30:00,139.0,150.0,12.4,22.3,27.8,90,1011.7,0,-2,
2021-05-18 23:20:00,2021-05-19 04:20:00,142.0,162.0,14.3,23.5,27.8,90,1011.9,0,-2,
2021-05-18 23:10:00,2021-05-19 04:10:00,143.0,113.0,13,22.3,27.8,91,1011.9,0,-1,
2021-05-18 23:00:00,2021-05-19 04:00:00,136.0,150.0,11.6,20,27.8,90,1011.8,0,-1,
2021-05-18 22:50:00,2021-05-19 03:50:00,142.0,144.0,12.6,20.6,27.8,89,1011.8,0,-2,
2021-05-18 22:40:00,2021-05-19 03:40:00,142.0,154.0,10.4,17.2,27.7,89,1011.8,0,-2,
2021-05-18 22:30:00,2021-05-19 03:30:00,144.0,157.0,10.7,19.5,27.6,92,1011.7,0,-1,
2021-05-18 22:20:00,2021-05-19 03:20:00,148.0,160.0,10.6,22.3,27.5,95,1011.8,0,-1,
2021-05-18 22:10:00,2021-05-19 03:10:00,147.0,151.0,9.4,20,27.4,96,1011.6,0,-1,
2021-05-18 22:00:00,2021-05-19 03:00:00,134.0,136.0,6.3,11.4,27.3,95,1011.6,0,-1,
2021-05-18 21:50:00,2021-05-19 02:50:00,139.0,137.0,7.2,15.4,27.3,94,1011.6,0,-2,
2021-05-18 21:40:00,2021-05-19 02:40:00,139.0,163.0,8,15.4,27.3,94,1011.7,0,-2,
2021-05-18 21:30:00,2021-05-19 02:30:00,144.0,161.0,9.5,17.2,27.4,94,1011.7,0,-2,
2021-05-18 21:20:00,2021-05-19 02:20:00,140.0,156.0,8.2,17.2,27.4,93,1011.7,0,-2,
2021-05-18 21:10:00,2021-05-19 02:10:00,144.0,145.0,9.4,21.2,27.4,93,1011.7,0,-2,
2021-05-18 21:00:00,2021-05-19 02:00:00,143.0,150.0,8.2,17.2,27.5,92,1011.6,0,-2,
2021-05-18 20:50:00,2021-05-19 01:50:00,132.0,158.0,10.1,23.5,27.6,91,1011.6,0,-1,
2021-05-18 20:40:00,2021-05-19 01:40:00,134.0,129.0,10.6,21.2,27.6,91,1011.4,0,-2,
2021-05-18 20:30:00,2021-05-19 01:30:00,134.0,141.0,11.1,17.2,27.8,90,1011.4,0,-2,
2021-05-18 20:20:00,2021-05-19 01:20:00,133.0,126.0,12.2,21.8,27.8,88,1011.2,0,-1,
2021-05-18 20:10:00,2021-05-19 01:10:00,138.0,163.0,10.9,19.5,27.8,86,1011,0,-2,
2021-05-18 20:00:00,2021-05-19 01:00:00,141.0,149.0,10.8,18.9,27.8,85,1011,0,-2,
2021-05-18 19:50:00,2021-05-19 00:50:00,143.0,160.0,11.3,20.6,27.8,85,1010.9,0,-2,
2021-05-18 19:40:00,2021-05-19 00:40:00,137.0,153.0,10.5,19.5,27.9,85,1010.8,0,-2,
2021-05-18 19:30:00,2021-05-19 00:30:00,144.0,151.0,10.9,19.5,28.1,84,1010.8,0,-1,
2021-05-18 19:20:00,2021-05-19 00:20:00,143.0,155.0,10.5,24.6,28.3,83,1010.8,0,3,
2021-05-18 19:10:00,2021-05-19 00:10:00,152.0,160.0,12.9,19.5,28.4,83,1010.6,0,11,
2021-05-18 19:00:00,2021-05-19 00:00:00,154.0,163.0,13.7,24.1,28.4,81,1010.6,0,16,
2021-05-18 18:50:00,2021-05-18 23:50:00,152.0,165.0,15.7,25.2,28.5,79,1010.6,0,19,
2021-05-18 18:40:00,2021-05-18 23:40:00,156.0,151.0,14.1,23.5,28.8,79,1010.5,0,26,
2021-05-18 18:30:00,2021-05-18 23:30:00,151.0,162.0,13.4,22.9,29.3,77,1010.5,0,37,
2021-05-18 18:20:00,2021-05-18 23:20:00,159.0,159.0,14.4,21.8,29.5,76,1010.5,0,109,
2021-05-18 18:10:00,2021-05-18 23:10:00,150.0,162.0,16.1,25.2,30,74,1010.5,0,93,
2021-05-18 18:00:00,2021-05-18 23:00:00,157.0,182.0,14.6,22.9,30,75,1010.4,0,244,
2021-05-18 17:50:00,2021-05-18 22:50:00,157.0,155.0,18.3,28.1,30,74,1010.4,0,151,
2021-05-18 17:40:00,2021-05-18 22:40:00,154.0,166.0,16.9,28.1,30.3,74,1010.3,0,294,
2021-05-18 17:30:00,2021-05-18 22:30:00,155.0,154.0,17.1,26.9,30.3,73,1010.4,0,201,
2021-05-18 17:20:00,2021-05-18 22:20:00,157.0,160.0,16.2,27.5,30.5,73,1010.5,0,239,
2021-05-18 17:10:00,2021-05-18 22:10:00,162.0,169.0,17.4,27.5,30.8,74,1010.5,0,353,
2021-05-18 17:00:00,2021-05-18 22:00:00,154.0,174.0,16.4,25.8,30.9,73,1010.4,0,333,
2021-05-18 16:50:00,2021-05-18 21:50:00,161.0,179.0,16.2,25.8,31.4,71,1010.4,0,359,
2021-05-18 16:40:00,2021-05-18 21:40:00,157.0,159.0,14.7,24.6,31.4,71,1010.6,0,407,
2021-05-18 16:30:00,2021-05-18 21:30:00,158.0,160.0,16.8,26.4,31.7,69,1010.7,0,528,
2021-05-18 16:20:00,2021-05-18 21:20:00,162.0,163.0,16.2,28.1,32.1,67,1010.7,0,633,
2021-05-18 16:10:00,2021-05-18 21:10:00,152.0,176.0,15.4,24.1,31.7,69,1010.8,0,548,
2021-05-18 16:00:00,2021-05-18 21:00:00,160.0,175.0,16,25.2,32.1,68,1010.9,0,295,
2021-05-18 15:50:00,2021-05-18 20:50:00,161.0,158.0,14.2,24.1,32.1,68,1010.9,0,193,
2021-05-18 15:40:00,2021-05-18 20:40:00,156.0,151.0,17.6,27.5,31.8,68,1011,0,458,
2021-05-18 15:30:00,2021-05-18 20:30:00,155.0,156.0,16.2,28.1,31.8,68,1011.1,0,329,
2021-05-18 15:20:00,2021-05-18 20:20:00,160.0,158.0,17.7,29.8,32.1,67,1011.1,0,630,
2021-05-18 15:10:00,2021-05-18 20:10:00,161.0,167.0,16.5,25.2,32.4,66,1011.2,0,667,
2021-05-18 15:00:00,2021-05-18 20:00:00,154.0,171.0,16.4,28.1,32.5,66,1011.3,0,686,
2021-05-18 14:50:00,2021-05-18 19:50:00,160.0,150.0,16.6,25.8,32.5,66,1011.3,0,589,
2021-05-18 14:40:00,2021-05-18 19:40:00,160.0,173.0,17.3,25.2,32.6,66,1011.5,0,567,
2021-05-18 14:30:00,2021-05-18 19:30:00,153.0,167.0,16,26.9,32.9,64,1011.7,0,591,
2021-05-18 14:20:00,2021-05-18 19:20:00,152.0,165.0,15.4,26.4,32.7,65,1011.9,0,509,
2021-05-18 14:10:00,2021-05-18 19:10:00,156.0,158.0,19.2,30.4,32.6,67,1012.1,0,638,
2021-05-18 14:00:00,2021-05-18 19:00:00,148.0,161.0,14,22.9,32.9,66,1012.1,0,625,
2021-05-18 13:50:00,2021-05-18 18:50:00,153.0,162.0,16.5,28.1,32.3,69,1012.2,0,670,
2021-05-18 13:40:00,2021-05-18 18:40:00,146.0,143.0,17.5,27.5,32.6,67,1012.2,0,428,
2021-05-18 13:30:00,2021-05-18 18:30:00,159.0,162.0,17,26.9,32.4,68,1012.4,0,781,
2021-05-18 13:20:00,2021-05-18 18:20:00,156.0,157.0,15.9,25.8,32.9,67,1012.7,0,842,
2021-05-18 13:10:00,2021-05-18 18:10:00,174.0,169.0,15.1,24.6,33,67,1012.8,0,1109,
2021-05-18 13:00:00,2021-05-18 18:00:00,152.0,165.0,15.5,26.9,32.6,70,1012.9,0,1103,
2021-05-18 12:50:00,2021-05-18 17:50:00,145.0,160.0,12.8,21.8,32.8,70,1013,0,946,
2021-05-18 12:40:00,2021-05-18 17:40:00,153.0,152.0,15.1,25.2,32.8,69,1013.2,0,968,
2021-05-18 12:30:00,2021-05-18 17:30:00,155.0,163.0,15,27.5,32.5,70,1013.3,0,893,
2021-05-18 12:20:00,2021-05-18 17:20:00,154.0,164.0,13.2,26.4,32.5,70,1013.4,0,997,
2021-05-18 12:10:00,2021-05-18 17:10:00,164.0,168.0,16.1,24.6,31.9,73,1013.5,0,943,
2021-05-18 12:00:00,2021-05-18 17:00:00,156.0,159.0,15.8,25.2,31.5,75,1013.5,0,963,
2021-05-18 11:50:00,2021-05-18 16:50:00,156.0,158.0,15.6,24.1,31.6,74,1013.7,0,616,
2021-05-18 11:40:00,2021-05-18 16:40:00,153.0,162.0,16,25.8,31.7,73,1013.8,0,566,
2021-05-18 11:30:00,2021-05-18 16:30:00,153.0,157.0,15.5,23.5,32.3,70,1013.9,0,785,
2021-05-18 11:20:00,2021-05-18 16:20:00,161.0,166.0,16.6,29.2,32.2,70,1014,0,1000,
2021-05-18 11:10:00,2021-05-18 16:10:00,144.0,151.0,15.6,25.8,31.7,72,1014,0,772,
2021-05-18 11:00:00,2021-05-18 16:00:00,158.0,165.0,16.2,24.1,32,71,1013.9,0,645,
2021-05-18 10:50:00,2021-05-18 15:50:00,161.0,153.0,15.4,25.8,32,72,1013.9,0,872,
2021-05-18 10:40:00,2021-05-18 15:40:00,153.0,173.0,15.6,24.1,31.3,75,1013.9,0,820,
2021-05-18 10:30:00,2021-05-18 15:30:00,150.0,155.0,15.3,25.8,31.3,74,1013.7,0,483,
2021-05-18 10:20:00,2021-05-18 15:20:00,148.0,159.0,15.8,25.8,31.2,74,1013.7,0,674,
2021-05-18 10:10:00,2021-05-18 15:10:00,147.0,135.0,15.3,25.2,30.3,80,1013.6,0,671,
2021-05-18 10:00:00,2021-05-18 15:00:00,140.0,140.0,14.4,22.9,30.1,80,1013.6,0,297,
2021-05-18 09:50:00,2021-05-18 14:50:00,144.0,153.0,14.5,26.4,30.8,76,1013.5,0,234,
2021-05-18 09:40:00,2021-05-18 14:40:00,137.0,141.0,13.6,21.2,31,76,1013.5,0,512,
2021-05-18 09:30:00,2021-05-18 14:30:00,148.0,155.0,13.8,22.9,30.3,78,1013.5,0,492,
2021-05-18 09:20:00,2021-05-18 14:20:00,149.0,154.0,13.3,25.2,30.2,78,1013.4,0,347,
2021-05-18 09:10:00,2021-05-18 14:10:00,145.0,158.0,12.1,24.6,30.2,78,1013.4,0,407,
2021-05-18 09:00:00,2021-05-18 14:00:00,147.0,162.0,13.4,22.9,30.2,76,1013.3,0,283,
2021-05-18 08:50:00,2021-05-18 13:50:00,147.0,161.0,14.3,25.2,30.2,76,1013.2,0,436,
2021-05-18 08:40:00,2021-05-18 13:40:00,142.0,154.0,13.5,24.6,29.8,78,1013.1,0,450,
2021-05-18 08:30:00,2021-05-18 13:30:00,142.0,150.0,12.6,22.9,29.1,79,1013.1,0,307,
2021-05-18 08:20:00,2021-05-18 13:20:00,149.0,145.0,14.4,22.3,28.8,81,1013,0,259,
2021-05-18 08:10:00,2021-05-18 13:10:00,145.0,152.0,10.5,21.8,28.5,83,1013,0,192,
2021-05-18 08:00:00,2021-05-18 13:00:00,140.0,160.0,11.4,21.8,28.3,86,1012.9,0,170,
2021-05-18 07:50:00,2021-05-18 12:50:00,143.0,164.0,12.8,20,28.3,93,1012.8,0,145,
2021-05-18 07:40:00,2021-05-18 12:40:00,140.0,152.0,12.1,18.9,28.2,94,1012.7,0,122,
2021-05-18 07:30:00,2021-05-18 12:30:00,139.0,147.0,9.9,21.8,28,93,1012.5,0,153,
2021-05-18 07:20:00,2021-05-18 12:20:00,145.0,139.0,11.6,18.9,27.7,94,1012.3,0,118,
2021-05-18 07:10:00,2021-05-18 12:10:00,145.0,152.0,12.9,20,27.3,98,1012.3,0,114,
2021-05-18 07:00:00,2021-05-18 12:00:00,141.0,147.0,10.7,20,27.1,100,1012.2,0,70,
2021-05-18 06:50:00,2021-05-18 11:50:00,133.0,122.0,9,16.6,26.9,100,1012.2,0,40,
2021-05-18 06:40:00,2021-05-18 11:40:00,138.0,162.0,9.3,17.2,26.7,100,1012,0,24,
2021-05-18 06:30:00,2021-05-18 11:30:00,138.0,136.0,9.5,17.2,26.6,100,1011.9,0,12,
2021-05-18 06:20:00,2021-05-18 11:20:00,140.0,157.0,9.1,17.7,26.6,100,1011.8,0,4,
2021-05-18 06:10:00,2021-05-18 11:10:00,141.0,161.0,9.6,20,26.6,100,1011.8,0,1,
2021-05-18 06:00:00,2021-05-18 11:00:00,138.0,139.0,10.6,17.7,26.5,100,1011.6,0,-0,
2021-05-18 05:50:00,2021-05-18 10:50:00,138.0,144.0,10.4,16,26.5,100,1011.7,0,-0,
2021-05-18 05:40:00,2021-05-18 10:40:00,131.0,149.0,10.5,18.3,26.4,100,1011.6,0,0,
2021-05-18 05:30:00,2021-05-18 10:30:00,134.0,120.0,9.4,17.7,26.4,100,1011.5,0,-0,
2021-05-18 05:20:00,2021-05-18 10:20:00,135.0,146.0,9.2,16.6,26.3,100,1011.5,0,0,
2021-05-18 05:10:00,2021-05-18 10:10:00,142.0,155.0,9,16,26.3,100,1011.4,0,0,
2021-05-18 05:00:00,2021-05-18 10:00:00,136.0,148.0,7.7,13.1,26.4,100,1011.3,0,-0,
2021-05-18 04:50:00,2021-05-18 09:50:00,127.0,119.0,8.3,16,26.6,100,1011.3,0,-0,
2021-05-18 04:40:00,2021-05-18 09:40:00,129.0,112.0,7.2,12.5,26.8,100,1011.2,0,-1,
2021-05-18 04:30:00,2021-05-18 09:30:00,134.0,126.0,7.6,13.7,26.7,100,1011.2,0,-1,
2021-05-18 04:20:00,2021-05-18 09:20:00,133.0,140.0,6.5,13.1,26.7,100,1011.2,0,-2,
2021-05-18 04:10:00,2021-05-18 09:10:00,130.0,136.0,6.5,10.2,26.8,100,1011.2,0,-2,
2021-05-18 04:00:00,2021-05-18 09:00:00,133.0,164.0,7.4,11.4,26.8,100,1011.2,0,-2,
2021-05-18 03:50:00,2021-05-18 08:50:00,132.0,137.0,7.2,14.9,26.8,100,1011.3,0,-1,
2021-05-18 03:40:00,2021-05-18 08:40:00,132.0,155.0,6.7,12.5,26.7,100,1011.3,0,-1,
2021-05-18 03:30:00,2021-05-18 08:30:00,137.0,159.0,6.2,10.8,26.6,100,1011.4,0,-2,
2021-05-18 03:20:00,2021-05-18 08:20:00,137.0,152.0,6.7,13.7,26.7,99,1011.5,0,-2,
2021-05-18 03:10:00,2021-05-18 08:10:00,138.0,139.0,6.8,13.1,26.6,99,1011.6,0,-2,
2021-05-18 03:00:00,2021-05-18 08:00:00,147.0,151.0,7.8,14.9,26.6,99,1011.6,0,-2,
2021-05-18 02:50:00,2021-05-18 07:50:00,141.0,146.0,7.4,13.1,26.7,100,1011.6,0,-2,
2021-05-18 02:40:00,2021-05-18 07:40:00,143.0,164.0,7.2,12,26.7,100,1011.6,0,-2,
2021-05-18 02:30:00,2021-05-18 07:30:00,140.0,170.0,7.1,13.1,26.8,100,1011.7,0,-2,
2021-05-18 02:20:00,2021-05-18 07:20:00,137.0,136.0,7.5,13.7,26.9,100,1011.8,0,-2,
2021-05-18 02:10:00,2021-05-18 07:10:00,135.0,153.0,6.3,10.8,27,100,1011.8,0,-2,
2021-05-18 02:00:00,2021-05-18 07:00:00,137.0,136.0,6,10.2,27,99,1011.8,0,-1,
2021-05-18 01:50:00,2021-05-18 06:50:00,131.0,147.0,6,9.7,26.9,99,1012,0,-1,
2021-05-18 01:40:00,2021-05-18 06:40:00,131.0,135.0,6.5,12,26.9,98,1012.1,0,-1,
2021-05-18 01:30:00,2021-05-18 06:30:00,133.0,139.0,6.2,14.9,26.9,98,1012.2,0,-2,
2021-05-18 01:20:00,2021-05-18 06:20:00,135.0,151.0,6.8,13.7,26.9,98,1012.3,0,-2,
2021-05-18 01:10:00,2021-05-18 06:10:00,132.0,154.0,7.4,16.6,26.9,98,1012.4,0,-1,
2021-05-18 01:00:00,2021-05-18 06:00:00,136.0,157.0,8.1,16,26.9,98,1012.5,0,-2,
2021-05-18 00:50:00,2021-05-18 05:50:00,134.0,155.0,7.1,14.3,26.9,97,1012.6,0,-2,
2021-05-18 00:40:00,2021-05-18 05:40:00,137.0,149.0,7.3,14.3,26.9,97,1012.7,0,-2,
2021-05-18 00:30:00,2021-05-18 05:30:00,136.0,152.0,6.5,14.3,26.8,96,1012.8,0,-2,
2021-05-18 00:20:00,2021-05-18 05:20:00,138.0,150.0,6.3,11.4,26.9,94,1012.8,0,-2,
2021-05-18 00:10:00,2021-05-18 05:10:00,137.0,162.0,7.8,16.6,27,93,1012.8,0,-2,
2021-05-18 00:00:00,2021-05-18 05:00:00,135.0,151.0,7.4,14.9,27,92,1012.9,0,-2,
2021-05-17 23:50:00,2021-05-18 04:50:00,144.0,166.0,8.6,21.2,27.1,91,1013.1,0,-2,
2021-05-17 23:40:00,2021-05-18 04:40:00,141.0,142.0,7.6,15.4,27.1,90,1013.1,0,-2,
2021-05-17 23:30:00,2021-05-18 04:30:00,131.0,134.0,8.6,16,27.1,92,1013.1,0,-2,
2021-05-17 23:20:00,2021-05-18 04:20:00,134.0,120.0,9.4,17.2,27.1,92,1013.3,0,-2,
2021-05-17 23:10:00,2021-05-18 04:10:00,137.0,154.0,8.9,15.4,27.1,92,1013.4,0,-2,
2021-05-17 23:00:00,2021-05-18 04:00:00,144.0,150.0,8.4,17.7,27.1,93,1013.4,0,-2,
2021-05-17 22:50:00,2021-05-18 03:50:00,135.0,139.0,8.1,16,27.1,94,1013.3,0,-2,
2021-05-17 22:40:00,2021-05-18 03:40:00,135.0,152.0,7.3,13.1,27.1,95,1013.4,0,-2,
2021-05-17 22:30:00,2021-05-18 03:30:00,134.0,157.0,8.4,16,27.1,95,1013.3,0,-2,
2021-05-17 22:20:00,2021-05-18 03:20:00,138.0,160.0,8.2,16.6,27.2,96,1013.2,0,-2,
2021-05-17 22:10:00,2021-05-18 03:10:00,142.0,146.0,10.3,20,27.4,97,1013.2,0,-2,
2021-05-17 22:00:00,2021-05-18 03:00:00,140.0,148.0,10.1,22.3,27.4,96,1013.2,0,-1,
2021-05-17 21:50:00,2021-05-18 02:50:00,141.0,150.0,9.3,17.2,27.2,95,1013.1,0,-2,
2021-05-17 21:40:00,2021-05-18 02:40:00,138.0,123.0,6.8,13.1,27.2,94,1013.1,0,-2,
2021-05-17 21:30:00,2021-05-18 02:30:00,147.0,161.0,8.1,14.3,27.2,94,1013,0,-2,
2021-05-17 21:20:00,2021-05-18 02:20:00,145.0,140.0,8.7,17.7,27.3,94,1012.8,0,-2,
2021-05-17 21:10:00,2021-05-18 02:10:00,146.0,153.0,7.8,17.2,27.2,94,1012.7,0,-2,
2021-05-17 21:00:00,2021-05-18 02:00:00,149.0,172.0,9.1,18.9,27.2,94,1012.7,0,-2,
2021-05-17 20:50:00,2021-05-18 01:50:00,145.0,141.0,8.3,15.4,27.3,94,1012.7,0,-2,
2021-05-17 20:40:00,2021-05-18 01:40:00,146.0,160.0,9.1,18.3,27.3,93,1012.6,0,-2,
2021-05-17 20:30:00,2021-05-18 01:30:00,141.0,150.0,10.4,22.3,27.3,92,1012.5,0,-2,
2021-05-17 20:20:00,2021-05-18 01:20:00,151.0,149.0,12,21.2,27.2,94,1012.5,0,-2,
2021-05-17 20:10:00,2021-05-18 01:10:00,150.0,158.0,9.2,18.9,27.1,94,1012.4,0,-2,
2021-05-17 20:00:00,2021-05-18 01:00:00,144.0,155.0,9,16.6,27.2,93,1012.3,0,-2,
2021-05-17 19:50:00,2021-05-18 00:50:00,137.0,154.0,7.9,13.1,27.3,91,1012.2,0,-2,
2021-05-17 19:40:00,2021-05-18 00:40:00,149.0,147.0,10.4,16,27.3,89,1012.1,0,-2,
2021-05-17 19:30:00,2021-05-18 00:30:00,151.0,157.0,12.4,19.5,27.3,88,1012.1,0,-0,
2021-05-17 19:20:00,2021-05-18 00:20:00,156.0,161.0,14.5,21.2,27.3,86,1012.1,0,4,
2021-05-17 19:10:00,2021-05-18 00:10:00,159.0,154.0,15,21.2,27.6,85,1012.2,0,13,
2021-05-17 19:00:00,2021-05-18 00:00:00,160.0,162.0,14.1,22.9,27.8,85,1012.3,0,30,
2021-05-17 18:50:00,2021-05-17 23:50:00,163.0,157.0,11.2,17.2,27.9,84,1012.4,0,41,
2021-05-17 18:40:00,2021-05-17 23:40:00,175.0,175.0,11.4,17.2,28.2,81,1012.4,0,35,
2021-05-17 18:30:00,2021-05-17 23:30:00,189.0,174.0,10.5,16.6,28.5,78,1012.4,0,42,
2021-05-17 18:20:00,2021-05-17 23:20:00,170.0,152.0,11.4,17.2,28.9,80,1012.4,0,30,
2021-05-17 18:10:00,2021-05-17 23:10:00,140.0,155.0,10.9,22.3,29.2,80,1012.5,0,43,
2021-05-17 18:00:00,2021-05-17 23:00:00,143.0,116.0,12.5,22.3,29.7,77,1012.6,0,72,
2021-05-17 17:50:00,2021-05-17 22:50:00,136.0,155.0,12.2,20.6,30.4,73,1012.5,0,131,
2021-05-17 17:40:00,2021-05-17 22:40:00,149.0,145.0,13.5,22.3,30.9,71,1012.4,0,282,
2021-05-17 17:30:00,2021-05-17 22:30:00,138.0,159.0,13.1,21.8,30.9,70,1012.3,0,300,
2021-05-17 17:20:00,2021-05-17 22:20:00,136.0,150.0,13,21.2,30.6,72,1012.4,0,380,
2021-05-17 17:10:00,2021-05-17 22:10:00,134.0,162.0,11.7,20,30.5,72,1012.3,0,303,
2021-05-17 17:00:00,2021-05-17 22:00:00,135.0,131.0,12.3,18.9,30.2,73,1012.3,0,230,
2021-05-17 16:50:00,2021-05-17 21:50:00,140.0,164.0,13.3,22.9,30.4,73,1012.2,0,211,
